Rank,Player,POS,Team,AVG,Expert,Sleeper,ESPN,Yahoo,Underdog,CBS,FFPC
1,Jahmyr Gibbs,RB1,DET,1.0,1,1,1,1,1,1,1
2,Bijan Robinson,RB2,ATL,2.0,2,2,2,2,2,2,2
3,Ja'Marr Chase,WR1,CIN,3.2,3,3,4,3,3,3,3
4,Puka Nacua,WR2,LAR,3.8,4,4,3,4,4,4,4
5,Christian McCaffrey,RB3,SF,5.7,7,5,6,5,6,7,5
6,Jaxon Smith-Njigba,WR3,SEA,5.7,5,6,5,6,5,6,6
7,Jonathan Taylor,RB4,IND,7.2,10,7,7,7,8,5,9
8,Amon-Ra St. Brown,WR4,DET,7.8,7,8,8,8,7,8,8
9,CeeDee Lamb,WR5,DAL,10.3,10,9,9,9,9,13,13
10,James Cook,RB5,BUF,11.2,12,12,12,10,12,10,11
11,Justin Jefferson,WR6,MIN,11.5,9,10,11,11,10,15,12
12,Ashton Jeanty,RB6,LV,12.3,12,14,15,13,11,11,10
13,Devon Achane,RB7,MIA,14.0,14,11,10,18,18,9,18
14,Saquon Barkley,RB8,PHI,15.0,16,15,19,12,13,14,17
15,Omarion Hampton,RB9,LAC,16.5,13,17,18,17,14,18,15
16,Chase Brown,RB10,CIN,16.5,14,18,21,16,16,12,16
17,Drake London,WR7,ATL,16.8,19,13,14,15,21,17,21
18,Kenneth Walker,RB11,KC,19.2,17,23,22,14,15,22,19
19,Brock Bowers,TE1,LV,19.7,20,21,24,21,20,25,7
20,Derrick Henry,RB12,BAL,20.2,21,25,20,20,17,16,23
21,Trey McBride,TE2,ARI,21.5,28,16,17,26,28,28,14
22,A.J. Brown,WR8,NE,21.8,21,19,27,23,19,23,20
23,Rashee Rice,WR9,KC,22.8,24,22,16,29,24,21,25
24,Jeremiyah Love,RB13,ARI,23.2,24,20,13,25,25,30,26
25,Nico Collins,WR10,HOU,23.3,23,26,25,19,22,24,24
26,George Pickens,WR11,DAL,24.2,26,24,29,22,23,20,27
27,Chris Olave,WR12,NO,28.8,31,27,28,30,30,29,29
28,Breece Hall,RB14,NYJ,30.5,29,32,30,33,29,31,28
29,Josh Allen,QB1,BUF,30.7,35,30,36,27,36,19,36
30,Josh Jacobs,RB15,GB,31.5,36,29,23,34,42,26,35
31,Kyren Williams,RB16,LAR,32.0,32,31,37,32,32,27,33
32,Malik Nabers,WR13,NYG,32.5,23,28,32,35,26,34,40
33,DeVonta Smith,WR14,PHI,32.7,30,44,35,24,27,36,30
34,Javonte Williams,RB17,DAL,35.2,32,38,31,36,37,32,37
35,Zay Flowers,WR15,BAL,35.3,35,43,34,31,31,39,34
36,Tee Higgins,WR16,CIN,37.0,34,34,46,28,34,37,43
37,Garrett Wilson,WR17,NYJ,38.2,42,39,26,40,40,46,38
38,Emeka Egbuka,WR18,TB,38.2,37,45,42,42,33,35,32
39,Tetairoa McMillan,WR19,CAR,39.0,42,36,33,39,38,44,44
40,Travis Etienne,RB18,NO,39.2,45,35,38,44,39,40,39
41,Colston Loveland,TE3,CHI,39.7,41,41,49,38,47,41,22
42,Ladd McConkey,WR20,LAC,41.8,39,42,44,41,35,48,41
43,Cam Skattebo,RB19,NYG,42.0,42,49,39,45,44,33,42
44,Jaylen Waddle,WR21,DEN,44.7,37,46,47,37,41,52,45
45,Luther Burden,WR22,CHI,46.8,46,40,53,46,45,51,46
46,Terry McLaurin,WR23,WAS,47.0,46,55,45,43,43,49,47
47,Bucky Irving,RB20,TB,48.0,51,33,41,60,56,42,56
48,Quinshon Judkins,RB21,CLE,48.7,53,53,40,51,54,45,49
49,Lamar Jackson,QB2,BAL,50.2,55,37,56,48,55,38,67
50,Davante Adams,WR24,LAR,50.3,48,47,43,49,50,56,57
51,Tyler Warren,TE4,IND,50.5,62,50,50,55,64,53,31
52,D'Andre Swift,RB22,CHI,52.3,51,64,61,47,49,43,50
53,David Montgomery,RB23,HOU,53.2,52,54,62,50,48,57,48
54,Jameson Williams,WR25,DET,54.0,52,52,48,54,52,58,60
55,TreVeyon Henderson,RB24,NE,55.2,50,48,59,63,53,55,53
56,Bhayshul Tuten,RB25,JAX,55.7,49,59,60,58,51,54,52
57,DJ Moore,WR26,BUF,56.0,63,58,54,57,57,59,51
58,Mike Evans,WR27,SF,58.7,52,57,76,56,46,62,55
59,Rome Odunze,WR28,CHI,58.7,60,63,52,52,60,63,62
60,Drake Maye,QB3,NE,59.0,65,51,57,59,66,47,74
61,Christian Watson,WR29,GB,62.5,63,67,78,53,58,65,54
62,Carnell Tate,WR30,TEN,64.5,57,62,51,71,59,79,65
63,Joe Burrow,QB4,CIN,64.8,67,56,74,61,68,50,80
64,Jadarian Price,RB26,SEA,65.7,55,80,63,65,62,61,63
65,Jayden Daniels,QB5,WAS,66.0,66,60,55,62,67,60,92
66,Marvin Harrison,WR31,ARI,70.3,65,75,68,72,69,70,68
67,Jalen Hurts,QB6,PHI,71.3,73,65,58,64,70,68,103
68,Brian Thomas,WR32,JAX,71.5,59,70,81,70,61,78,69
69,Jordyn Tyson,WR33,NO,74.2,67,69,70,80,63,92,71
70,Tony Pollard,RB27,TEN,74.2,80,87,64,76,74,71,73
71,Parker Washington,WR34,JAX,74.7,79,84,77,67,65,85,70
72,Sam LaPorta,TE5,DET,74.8,85,76,73,77,92,67,64
73,Alec Pierce,WR35,IND,75.3,82,85,67,78,80,64,78
74,Jaylen Warren,RB28,PIT,75.5,70,73,96,73,72,73,66
75,Harold Fannin,TE6,CLE,75.7,100,61,72,82,102,76,61
76,Tucker Kraft,TE7,GB,76.2,76,66,103,75,79,75,59
77,Kyle Pitts,TE8,ATL,76.2,91,71,71,85,103,69,58
78,DK Metcalf,WR36,PIT,77.5,86,72,69,81,76,86,81
79,Courtland Sutton,WR37,DEN,80.2,88,78,65,89,83,77,89
80,Rhamondre Stevenson,RB29,NE,80.5,83,82,97,69,77,81,77
81,Chuba Hubbard,RB30,CAR,81.3,85,74,100,74,81,74,85
82,Caleb Williams,QB7,CHI,85.2,73,83,87,68,71,95,107
83,Justin Herbert,QB8,LAC,86.2,89,86,94,66,82,84,105
84,Rico Dowdle,RB31,PIT,86.2,94,89,98,87,87,72,84
85,Dak Prescott,QB9,DAL,86.7,94,91,83,86,78,66,116
86,RJ Harvey,RB32,DEN,88.8,93,68,109,100,86,80,90
87,Makai Lemon,WR38,PHI,89.2,72,77,91,91,73,109,94
88,Trevor Lawrence,QB10,JAX,91.7,85,92,82,79,85,103,109
89,Jaxson Dart,QB11,NYG,93.5,98,81,75,93,101,82,129
90,Michael Wilson,WR39,ARI,94.0,91,79,80,104,95,105,101
91,Quentin Johnston,WR40,LAC,94.0,83,101,125,83,75,94,86
92,Chris Godwin,WR41,TB,94.5,87,94,128,88,90,88,79
93,Michael Pittman,WR42,PIT,94.8,86,102,66,105,100,113,83
94,George Kittle,TE9,SF,95.7,106,97,102,96,115,89,75
95,J.K. Dobbins,RB33,DEN,96.2,90,93,108,95,97,87,97
96,Kyle Monangai,RB34,CHI,98.0,100,90,116,90,96,97,99
97,Brock Purdy,QB12,SF,98.3,101,104,85,84,98,99,120
98,Jakobi Meyers,WR43,JAX,99.3,111,88,88,111,105,90,114
99,Jordan Addison,WR44,MIN,100.0,85,100,93,92,88,116,111
100,Josh Downs,WR45,IND,100.7,93,125,92,98,89,104,96
101,Blake Corum,RB35,LAR,101.0,100,98,122,94,91,108,93
102,Kenneth Gainwell,RB36,TB,101.5,111,107,99,108,107,101,87
103,Jonathon Brooks,RB37,CAR,103.2,88,142,107,99,93,106,72
104,Wan'Dale Robinson,WR46,TEN,103.7,98,103,89,126,113,91,100
105,Travis Kelce,TE10,KC,105.0,117,108,105,113,120,102,82
106,Jayden Reed,WR47,GB,106.2,104,116,114,101,84,118,104
107,Patrick Mahomes,QB13,KC,106.5,107,99,95,109,94,110,132
108,Rachaad White,RB38,WAS,108.0,92,128,106,103,108,115,88
109,Dallas Goedert,TE11,PHI,108.8,146,110,104,117,134,93,95
110,Isaiah Likely,TE12,NYG,108.8,132,117,118,118,128,96,76
111,Matthew Stafford,QB14,LAR,111.3,112,113,86,114,104,112,139
112,Aaron Jones,RB39,MIN,112.7,113,109,101,124,121,111,110
113,Jacory Croskey-Merritt,RB40,WAS,113.2,114,112,121,115,119,100,112
114,Dalton Kincaid,TE13,BUF,113.5,134,96,119,110,126,139,91
115,Bo Nix,QB15,DEN,114.3,105,119,84,102,106,132,143
116,Matthew Golden,WR48,GB,114.3,116,136,79,116,109,131,115
117,Mark Andrews,TE14,BAL,115.5,133,111,111,121,124,128,98
118,Xavier Worthy,WR49,KC,115.8,107,137,115,112,99,119,113
119,Jordan Mason,RB41,MIN,118.3,101,131,138,107,111,117,106
120,Jake Ferguson,TE15,DAL,118.8,127,105,110,135,131,130,102
121,Romeo Doubs,WR50,NE,123.5,117,114,129,125,116,129,128
122,Jared Goff,QB16,DET,126.7,114,121,136,119,110,126,148
123,KC Concepcion,WR51,CLE,126.7,104,149,126,127,117,123,118
124,Jayden Higgins,WR52,HOU,127.5,122,132,130,123,123,134,123
125,Chris Rodriguez,RB42,JAX,131.0,131,146,141,120,129,124,126
126,Khalil Shakir,WR53,BUF,131.5,132,135,113,143,125,136,137
127,Jalen Coker,WR54,CAR,132.3,123,139,131,122,127,141,134
128,Kyler Murray,QB17,MIN,133.2,115,148,134,106,112,147,152
129,Zach Charbonnet,RB43,SEA,135.0,170,126,124,140,162,127,131
130,Tyrone Tracy,RB44,NYG,135.5,136,152,155,131,133,121,121
131,Woody Marks,RB45,HOU,139.0,138,145,123,138,140,146,142
132,Baker Mayfield,QB18,TB,140.2,128,143,149,130,118,138,163
133,Rashid Shaheed,WR55,SEA,141.8,132,162,133,133,130,152,141
134,Hunter Henry,TE16,NE,142.5,164,106,120,163,152,179,135
135,Tyler Shough,QB19,NO,143.0,132,150,135,136,122,158,157
136,Houston Texans,DEF1,HOU,145.7,261,120,170,147,,,
137,Travis Hunter,WR56,JAX,145.8,114,166,90,156,139,,178
138,Keaton Mitchell,RB46,LAC,146.3,145,172,168,132,136,148,122
139,Brenton Strange,TE17,JAX,147.5,153,129,194,152,150,143,117
140,Stefon Diggs,WR57,,148.2,133,127,203,134,132,168,125
141,Tyler Allgeier,RB47,ARI,148.2,155,133,157,137,158,151,153
142,Los Angeles Rams,DEF2,LAR,149.3,259,115,173,160,,,
143,Alvin Kamara,RB48,NO,149.7,166,163,139,145,165,135,151
144,Isiah Pacheco,RB49,DET,149.8,144,177,140,149,151,142,140
145,Jordan Love,QB20,GB,150.0,138,124,198,128,114,165,171
146,Chig Okonkwo,TE18,WAS,150.6,148,153,216,139,137,,108
147,Seattle Seahawks,DEF3,SEA,150.7,255,123,172,157,,,
148,Kenyon Sadiq,TE19,NYJ,151.3,150,118,117,197,161,185,130
149,Juwan Johnson,TE20,NO,151.5,169,138,160,165,157,170,119
150,Malik Willis,QB21,MIA,151.8,138,141,150,129,135,173,183
151,Tyjae Spears,RB50,TEN,152.3,160,160,166,144,153,153,138
152,Denver Broncos,DEF4,DEN,152.7,261,134,169,155,,,
153,Jalen McMillan,WR58,TB,153.7,143,170,144,142,145,166,155
154,T.J. Hockenson,TE21,MIN,153.8,168,144,112,200,169,,144
155,Brandon Aubrey,K1,DAL,154.4,258,180,181,164,,114,133
156,Deebo Samuel,WR59,SF,155.0,121,171,127,180,141,144,167
157,Jalen Nailor,WR60,LV,157.8,166,176,161,146,148,155,161
158,Oronde Gadsden,TE22,LAC,158.5,143,95,258,159,149,163,127
159,Omar Cooper Jr.,WR61,NYJ,158.5,140,156,162,166,144,149,174
160,Philadelphia Eagles,DEF5,PHI,158.7,259,130,175,171,,,
161,Brian Robinson,RB51,ATL,159.7,167,122,142,148,174,210,162
162,Denzel Boston,WR62,CLE,160.8,143,155,146,172,156,167,169
163,Jonah Coleman,RB52,DEN,162.2,138,151,212,151,159,164,136
164,Dylan Sampson,RB53,CLE,164.5,159,175,158,161,170,176,147
165,Tank Bigsby,RB54,PHI,164.8,156,201,143,141,163,195,146
166,Jauan Jennings,WR63,MIN,169.0,165,154,164,170,154,177,195
167,Daniel Jones,QB22,IND,169.5,161,210,137,153,147,150,220
168,New England Patriots,DEF6,NE,170.0,265,157,177,176,,,
169,Antonio Williams,WR64,WAS,171.5,162,178,152,181,172,181,165
170,Baltimore Ravens,DEF7,BAL,172.3,261,147,174,196,,,
171,Adonai Mitchell,WR65,NYJ,172.8,189,190,147,150,171,191,188
172,Jerry Jeudy,WR66,CLE,173.2,186,183,132,178,176,174,196
173,Terrance Ferguson,TE23,LAR,174.2,198,164,159,209,181,,158
174,Jason Myers,K2,SEA,174.2,262,187,183,194,,125,182
175,Tre Tucker,WR67,LV,174.3,151,227,153,175,155,161,175
176,Sam Darnold,QB23,SEA,175.7,158,173,218,154,142,156,211
177,Cameron Dicker,K3,LAC,176.4,260,181,182,183,,157,179
178,Ka'imi Fairbairn,K4,HOU,177.8,259,205,185,179,,133,187
179,De'Zhaun Stribling,WR68,SF,177.8,154,219,148,195,146,,181
180,Dalton Schultz,TE24,HOU,178.5,171,140,207,206,167,201,150
181,AJ Barner,TE25,SEA,181.4,170,159,217,190,173,,168
182,Cam Ward,QB24,TEN,181.8,160,174,199,162,138,,236
183,Mike Washington Jr.,RB55,LV,183.6,190,192,156,193,197,,180
184,Braelon Allen,RB56,NYJ,183.8,200,186,167,177,219,178,176
185,Ray Davis,RB57,BUF,184.2,195,228,154,167,188,,184
186,Greg Dulcich,TE26,MIA,184.2,188,,259,186,177,154,145
187,Pittsburgh Steelers,DEF8,PIT,185.7,266,197,171,189,,,
188,C.J. Stroud,QB25,HOU,186.2,156,169,200,158,143,215,232
189,Detroit Lions,DEF9,DET,189.0,267,167,178,222,,,
190,Emmett Johnson,RB58,KC,190.7,186,158,248,185,195,188,170
191,Jordan James,RB59,SF,193.0,215,,193,219,218,162,173
192,Kaytron Allen,RB60,WAS,193.7,170,196,214,173,201,206,172
193,Tre Harris,WR69,LAC,195.0,175,209,204,204,166,,192
194,MarShawn Lloyd,RB61,GB,195.8,194,,242,192,193,,156
195,Isaac TeSlaa,WR70,DET,196.2,191,213,211,191,168,,198
196,Los Angeles Chargers,DEF10,LAC,196.3,256,211,180,198,,,
197,Kansas City Chiefs,DEF11,KC,197.0,266,202,179,210,,,
198,Ryan Flournoy,WR71,DAL,197.0,184,253,205,169,164,,194
199,Gunnar Helm,TE27,TEN,197.8,192,216,215,220,179,,159
200,Cam Little,K5,JAX,197.8,261,218,188,188,,192,203
201,Harrison Mevis,K6,LAR,198.4,269,194,184,217,,189,208
202,Tank Dell,WR72,HOU,200.2,188,226,165,271,183,159,197
203,Nicholas Singleton,RB62,TEN,200.5,178,188,221,182,210,211,191
204,James Conner,RB63,ARI,200.7,214,161,195,199,229,208,212
205,Calvin Ridley,WR73,TEN,202.0,180,254,145,203,185,204,221
206,Zachariah Branch,WR74,ATL,202.2,191,193,197,226,178,,217
207,Kaelon Black,RB64,SF,203.2,218,,213,235,199,183,186
208,Bryce Young,QB26,CAR,205.0,166,208,219,168,160,,270
209,Eddy Pineiro,K7,SF,207.2,268,222,186,208,,207,213
210,Jaydon Blue,RB65,DAL,209.4,208,270,243,184,186,,164
211,Jacksonville Jaguars,DEF12,JAX,210.0,260,189,254,187,,,
212,Justice Hill,RB66,BAL,210.4,217,,196,221,225,205,205
213,Kimani Vidal,RB67,LAC,210.7,203,195,223,229,223,194,200
214,Malik Washington,WR75,MIA,211.0,191,,227,225,182,,210
215,Eli Stowers,TE28,,211.0,211,,,,211,,
216,Jake Bates,K8,DET,212.0,263,265,189,201,,186,219
217,Sean Tucker,RB68,TB,212.8,173,207,250,216,187,,204
218,Kayshon Boutte,WR76,NE,213.8,201,191,231,243,196,175,247
219,Demond Claiborne,RB69,MIN,214.0,192,236,222,213,224,212,177
220,George Holani,RB70,SEA,214.8,215,,244,214,216,,185
221,Germie Bernard,WR77,PIT,215.0,192,239,151,256,192,,237
222,Cade Otton,TE29,TB,215.2,204,168,260,269,189,198,207
223,Darnell Mooney,WR78,NYG,218.8,179,240,202,249,198,193,231
224,Fernando Mendoza,QB27,LV,219.6,212,179,220,224,180,,295
225,Pat Freiermuth,TE30,PIT,220.0,204,,206,291,194,,189
226,Green Bay Packers,DEF13,GB,221.3,264,221,236,207,,,
227,Tyler Loop,K9,BAL,221.8,265,274,190,205,,,218
228,Will Reichard,K10,MIN,222.4,274,223,192,258,,216,223
229,Brandon Aiyuk,WR79,SF,223.2,203,203,232,227,243,190,244
230,Harrison Butker,K11,KC,224.4,,245,187,241,,200,249
231,Cairo Santos,K12,CHI,225.0,271,242,191,211,,214,267
232,Rashod Bateman,WR80,BAL,226.6,226,264,163,245,202,,259
233,Jaylin Noel,WR81,HOU,227.0,201,232,208,212,228,,255
234,Emanuel Wilson,RB71,SEA,230.3,190,220,266,236,273,160,227
235,Jack Bech,WR82,LV,232.3,213,272,210,228,244,172,268
236,Dontayvion Wicks,WR83,PHI,232.5,190,,253,262,190,,225
237,Minnesota Vikings,DEF14,MIN,232.7,268,165,359,174,,,
238,Jacoby Brissett,QB28,ARI,234.2,201,217,269,218,191,,276
239,Jaylen Wright,RB72,MIA,236.4,236,234,225,238,255,,230
240,Chase McLaughlin,K13,TB,236.4,272,277,238,232,,209,226
241,Evan McPherson,K14,CIN,237.5,266,246,256,202,,,246
242,Ted Hurst,WR84,TB,242.4,210,244,234,283,200,,251
243,David Njoku,TE31,LAC,243.2,197,182,291,309,220,,214
244,DJ Giddens,RB73,IND,245.3,222,,251,250,238,,242
245,Chris Bell,WR85,MIA,247.2,198,261,224,281,227,,243
246,Chris Boswell,K15,PIT,247.5,264,275,237,239,,,239
247,Isaiah Davis,RB74,NYJ,247.5,223,,247,215,259,,269
248,Cleveland Browns,DEF15,CLE,248.3,274,289,176,280,,,
249,Emari Demercado,RB75,KC,249.0,,,246,251,270,,229
250,Jake Tonges,TE32,SF,249.8,240,204,293,323,230,,199
251,Andy Borregales,K16,NE,250.3,270,199,351,223,,,228
252,Colby Parkinson,TE33,LAR,252.2,234,215,312,286,214,,234
253,Geno Smith,QB29,NYJ,252.5,210,,267,252,184,,307
254,Tyquan Thornton,WR86,KC,252.5,221,,274,260,212,,264
255,Ollie Gordon II,RB76,MIA,252.8,218,,226,231,279,,275
256,Eli Stowers,TE34,PHI,253.0,207,184,324,289,,,215
257,LeQuint Allen,RB77,JAX,253.3,241,,241,265,257,,250
258,Cooper Kupp,WR87,SEA,253.6,206,268,229,285,207,,279
259,Indianapolis Colts,DEF16,IND,254.0,281,237,255,270,,,
260,Pat Bryant,WR88,DEN,254.6,206,243,262,259,203,,306
261,Evan Engram,TE35,DEN,255.3,234,,290,294,215,,222
262,Ja'Kobi Lane,WR89,BAL,256.0,225,212,233,296,231,,308
263,Samaje Perine,RB78,CIN,256.3,217,,240,290,254,,241
264,Elijah Sarratt,WR90,BAL,257.4,196,258,264,267,209,,289
265,San Francisco 49ers,DEF17,SF,259.0,278,233,297,247,,,
266,Xavier Legette,WR91,CAR,259.7,235,,209,336,234,,
267,Aaron Rodgers,QB30,PIT,260.5,197,,268,263,175,,336
268,Tory Horton,WR92,SEA,260.8,219,257,263,279,221,,284
269,Keon Coleman,WR93,BUF,261.2,217,267,252,302,213,,272
270,Tampa Bay Buccaneers,DEF18,TB,261.7,273,263,235,287,,,
271,Shedeur Sanders,QB31,CLE,261.8,240,251,301,278,217,,
272,Chicago Bears,DEF19,CHI,262.3,260,229,286,272,,,
273,Jalen Tolbert,WR94,MIA,262.8,242,,228,300,246,,277
274,Mike Gesicki,TE36,CIN,265.8,204,,289,308,204,,262
275,Adam Randall,RB79,BAL,266.8,211,,239,325,268,,235
276,Tua Tagovailoa,QB32,ATL,267.8,228,269,296,254,208,,312
277,Michael Penix,QB33,ATL,268.0,240,255,310,266,241,,
278,New York Giants,DEF20,NYG,269.3,275,206,360,242,,,
279,Troy Franklin,WR95,DEN,269.4,202,200,377,268,222,,280
280,Chris Brooks,RB80,GB,269.8,192,,249,234,339,,257
281,Cincinnati Bengals,DEF21,CIN,270.3,281,280,285,246,,,
282,Darius Slayton,WR96,NYG,270.7,212,,272,288,252,,
283,Ty Johnson,RB81,BUF,273.0,214,,245,316,260,,271
284,Dallas Cowboys,DEF22,DAL,273.3,276,225,362,233,,,
285,Michael Mayer,TE37,LV,277.0,238,,292,317,239,,260
286,Marvin Mims,WR97,DEN,278.8,,238,294,305,278,,
287,Jahan Dotson,WR98,ATL,281.5,266,,284,253,264,,325
288,Malachi Fields,WR99,NYG,283.4,213,283,399,257,226,,252
289,Malik Davis,RB82,DAL,283.5,253,,265,313,295,,261
290,Darnell Washington,TE38,PIT,283.5,224,,313,292,235,,294
291,Kirk Cousins,QB34,LV,284.0,244,,302,255,232,,347
292,Buffalo Bills,DEF23,BUF,284.3,273,250,366,237,,,
293,Carolina Panthers,DEF24,CAR,285.0,275,273,300,282,,,
294,Nick Folk,K17,ATL,286.2,278,296,257,367,,196,315
295,Christian Kirk,WR100,SF,287.3,220,281,466,306,236,202,233
296,Deshaun Watson,QB35,CLE,289.5,233,,270,297,242,,349
297,Atlanta Falcons,DEF25,ATL,293.7,270,256,364,261,,,
298,Mason Taylor,TE39,NYJ,293.8,193,248,325,320,286,,290
299,New Orleans Saints,DEF26,NO,294.0,279,284,299,299,,,
300,Wil Lutz,K18,DEN,295.3,267,287,346,274,,,274
301,Treylon Burks,WR101,WAS,296.0,226,,273,304,277,,330
302,Andrei Iosivas,WR102,CIN,296.0,236,,275,337,240,,332
303,Savion Williams,WR103,GB,297.0,,,261,339,291,,
304,Kaleb Johnson,RB83,PIT,299.2,236,235,303,318,318,,322
305,Theo Johnson,TE40,NYG,299.4,250,262,326,327,253,,329
306,Devaughn Vele,WR104,NO,300.2,226,276,371,298,237,,319
307,Tahj Brooks,RB84,CIN,300.3,,,279,324,297,,301
308,Brashard Smith,RB85,KC,300.8,194,252,306,332,313,,
309,Charlie Smyth,K19,NO,300.8,276,291,345,275,,,292
310,Carson Beck,QB36,ARI,301.0,250,,316,321,266,,
311,Alex Kessman,K20,CAR,302.0,,302,,,,,
312,Trey Smack,K21,GB,302.0,277,307,287,273,,,341
313,J.J. McCarthy,QB37,MIN,303.3,260,247,315,389,262,,
314,Skyler Bell,WR105,BUF,304.5,223,,384,276,245,,313
315,Elic Ayomanor,WR106,TEN,306.0,209,214,436,307,267,,
316,Erick All,TE41,CIN,307.0,246,,387,315,248,,278
317,Eli Raridon,TE42,NE,310.8,241,,391,319,247,,286
318,Kyle Williams,WR107,,311.0,,,,,311,,
319,Tennessee Titans,DEF27,TEN,312.3,275,292,361,284,,,
320,Charlie Kolar,TE43,LAC,312.8,,,393,310,249,,299
321,Jake Elliott,K22,PHI,313.0,273,279,288,343,,,342
322,Seth McGowan,RB86,IND,314.8,233,,281,326,367,,285
323,Dawson Knox,TE44,BUF,315.3,190,,314,356,263,,328
324,Chimere Dike,WR108,TEN,315.4,217,259,403,311,258,,346
325,Hollywood Brown,WR109,PHI,316.3,238,,376,301,272,,
326,Kendre Miller,RB87,NO,319.0,224,249,282,244,501,,
327,Justin Fields,QB38,KC,319.3,263,,317,352,289,,
328,Ja'Tavion Sanders,TE45,CAR,319.5,212,,311,388,261,,318
329,KaVontae Turpin,WR110,DAL,319.7,,,295,376,288,,
330,Tyreek Hill,WR111,,320.2,221,185,829,230,250,169,258
331,Cole Kmet,TE46,CHI,320.5,202,,331,365,282,,304
332,Trevor Etienne,RB88,CAR,321.0,245,,280,329,320,,355
333,Tyler Higbee,TE47,LAR,321.5,,,327,293,322,,344
334,Caleb Douglas,WR112,MIA,326.8,232,,230,561,233,,283
335,Jake Moody,K23,WAS,329.3,,299,350,354,,,314
336,Zavion Thomas,WR113,CHI,329.3,241,,392,345,251,,
337,Isaiah Bond,WR114,CLE,331.5,272,,404,338,275,,309
338,Kendrick Bourne,WR115,ARI,332.0,217,,378,342,276,,
339,Kyle Williams,WR116,NE,333.8,,241,420,335,,,339
340,Kalif Raymond,WR117,CHI,335.7,,,379,344,284,,
341,Oscar Delp,TE48,NO,336.3,258,,467,322,283,,273
342,Ricky Pearsall,WR118,SF,336.3,208,311,201,97,1187,98,124
343,Matt Gay,K24,LV,336.7,279,288,353,369,,,
344,Luke McCaffrey,WR119,WAS,337.0,216,,380,346,285,,
345,Zonovan Knight,RB89,ARI,338.5,,,307,370,,,
346,Joe Flacco,QB39,CIN,340.0,,,318,383,319,,
347,Joey Slye,K25,TEN,340.3,284,306,355,360,,,
348,DeMario Douglas,WR120,NE,341.0,,,370,366,274,,354
349,Chad Ryland,K26,ARI,341.3,285,305,356,363,,,
350,Jawhar Jordan,RB90,HOU,343.0,,,283,330,426,,333
351,Mac Jones,QB40,SF,343.3,261,,319,404,310,,340
352,Jalen Royals,WR121,KC,344.3,,,430,334,316,,297
353,Miami Dolphins,DEF28,MIA,345.7,279,297,368,372,,,
354,Dyami Brown,WR122,WAS,347.0,,,271,440,330,,
355,Mack Hollins,WR123,NE,348.3,242,,408,333,315,,337
356,Trey Benson,RB91,ARI,349.8,237,198,661,295,302,,293
357,Devontez Walker,WR124,BAL,351.3,,,395,390,269,,
358,Cyrus Allen,WR125,KC,352.3,221,,383,565,205,,256
359,Zane Gonzalez,K27,MIA,352.5,287,,352,353,,,
360,Arizona Cardinals,DEF29,ARI,352.7,284,293,367,398,,,
361,Elijah Arroyo,TE49,SEA,353.3,200,,323,523,271,,296
362,Kevin Coleman Jr.,WR126,MIA,354.3,,,375,341,347,,
363,Devin Singletary,RB92,NYG,354.7,193,,277,328,459,,
364,Konata Mumpfield,WR127,LAR,354.7,243,,406,314,344,,
365,Noah Gray,TE50,KC,355.3,239,,330,411,364,,316
366,Las Vegas Raiders,DEF30,LV,355.7,273,294,365,408,,,
367,Blake Grupe,K28,IND,356.5,280,,349,364,,,
368,Tommy Tremble,TE51,CAR,357.0,,,329,394,348,,
369,John Metchie,WR128,CAR,357.6,,,587,397,299,203,302
370,Matt Breida,RB93,,360.0,,,,,360,,
371,Joshua Palmer,WR129,BUF,360.3,252,,382,409,290,,
372,Andre Szmyt,K29,CLE,360.7,286,301,357,424,,,
373,Jaxon Janke,WR130,,361.0,,,,,361,,
374,Ryan Fitzgerald,K30,CAR,362.0,283,303,354,429,,,
375,Calvin Austin,WR131,NYG,363.8,214,,427,340,343,,345
376,Max Klare,TE52,LAR,364.8,235,285,328,481,365,,
377,Tutu Atwell,WR132,MIA,365.7,251,,374,427,296,,
378,Noah Fant,TE53,NO,367.3,245,,332,358,412,,
379,Tez Johnson,WR133,TB,368.3,221,,421,391,293,,
380,Ben Sinnott,TE54,WAS,372.3,,,415,416,324,,334
381,Xavier Hutchinson,WR134,HOU,372.3,,,400,396,321,,
382,Elijah Higgins,WR135,ARI,373.0,,,334,419,366,,
383,Olamide Zaccheaus,WR136,ATL,373.3,244,,402,382,336,,
384,Austin Hooper,TE55,ATL,374.0,,,333,373,416,,
385,Justin Joly,TE56,DEN,376.8,233,,452,453,292,,310
386,Mitchell Evans,TE57,CAR,377.3,,,396,413,323,,
387,Keenan Allen,WR137,,378.4,211,266,860,312,206,,248
388,Josh Oliver,TE58,MIN,379.7,,,390,371,378,,
389,Chris Brazzell II,WR138,CAR,380.8,224,260,760,303,281,,300
390,Dont'e Thornton,WR139,LV,381.0,,,,,381,,
391,Washington Commanders,DEF31,WAS,382.0,283,,363,401,,,
392,Devin Neal,RB94,NO,386.0,241,230,721,248,345,,
393,Greg Dortch,WR140,DET,387.0,,,435,375,351,,
394,Najee Harris,RB95,,387.8,207,231,906,240,280,,282
395,Brenen Thompson,WR141,LAC,397.5,243,,411,570,256,,353
396,Daniel Bellinger,TE59,TEN,401.0,,,,392,410,,
397,Jahdae Walker,WR142,CHI,404.3,,,473,414,326,,
398,Jarquez Hunter,RB96,LAR,404.8,,278,704,331,394,,317
399,Luke Musgrave,TE60,GB,405.7,250,,418,430,369,,
400,Bryce Lance,WR143,NO,406.3,222,,385,653,300,,287
401,Jackson Hawes,TE61,BUF,409.0,,,410,400,417,,
402,Demarcus Robinson,WR144,SF,409.0,,,526,407,294,,
403,Lance Mason,TE62,SEA,411.5,,,,446,377,,
404,Brock Wright,TE63,DET,412.3,,,428,374,435,,
405,Will Kacmarek,TE64,MIA,413.0,,,388,511,340,,
406,KeAndre Lambert-Smith,WR145,LAC,413.0,,,,,413,,
407,Adam Trautman,TE65,DEN,414.0,,,407,402,433,,
408,Daniel George,WR146,,414.0,,,414,,,,
409,Marcus Mariota,QB41,WAS,417.3,258,,342,524,386,,
410,Phil Mafah,RB97,DAL,418.0,,,708,264,395,,305
411,Tyler Bass,K31,BUF,420.0,275,298,347,704,,,331
412,Malik Benson,WR147,LV,421.5,,,437,618,308,,323
413,New York Jets,DEF32,NYJ,423.7,275,295,298,678,,,
414,Tyler Conklin,TE66,DET,424.3,,,468,405,400,,
415,Joe Royer,TE67,CLE,428.0,,,434,509,341,,
416,Mitchell Tinsley,WR148,CIN,428.5,,,423,434,,,
417,Spencer Rattler,QB42,NO,430.7,,,469,436,387,,
418,Tanner Hudson,TE68,CIN,431.7,,,405,386,504,,
419,Tanner Koziol,TE69,JAX,433.0,,,462,463,374,,
420,Tyrell Shavers,WR149,BUF,434.3,,,444,432,427,,
421,Audric Estime,RB98,NO,435.0,,271,665,368,436,,
422,Sam Roush,TE70,CHI,435.0,,,472,460,373,,
423,JuJu Smith-Schuster,WR150,NYG,435.0,,,510,420,375,,
424,Spencer Shrader,K32,IND,438.0,,310,1008,350,,187,335
425,C.J. Daniels,WR151,LAR,439.7,,,451,559,309,,
426,Joe Mixon,RB99,,441.0,,224,828,377,335,,
427,RJ Maryland,TE71,GB,442.0,,,,442,,,
428,Nate Boerkircher,TE72,JAX,443.7,,,429,468,434,,
429,Marquez Valdes-Scantling,WR152,DAL,444.3,,,545,438,350,,
430,Van Jefferson,WR153,WAS,446.7,,,557,412,371,,
431,Davis Allen,TE73,LAR,447.3,,,424,415,503,,
432,Drew Sample,TE74,CIN,449.3,,,389,538,421,,
433,Carson Wentz,QB43,MIN,450.7,,,546,359,447,,
434,Michael Trigg,TE75,DAL,451.0,,286,775,470,372,,352
435,Kareem Hunt,RB100,,451.8,,,839,351,314,,303
436,Josh Cuevas,TE76,BAL,452.0,,,475,449,432,,
437,Cade Stover,TE77,HOU,453.0,,,397,547,415,,
438,Marlin Klein,TE78,HOU,454.3,,,470,510,383,,
439,Roman Wilson,WR154,PIT,455.0,,,663,544,265,,348
440,Mitch Van Vooren,WR155,NE,455.0,,,,455,,,
441,John Bates,TE79,WAS,456.3,,,398,552,419,,
442,Tre Watson,TE80,KC,457.0,,,,457,,,
443,Nick Westbrook-Ikhine,WR156,IND,458.0,,,372,698,304,,
444,Cedric Tillman,WR157,CLE,459.0,226,,498,385,494,,
445,Colbie Young,WR158,CIN,460.0,,,449,628,303,,
446,Robert Tonyan,TE81,PIT,461.3,,,527,458,399,,
447,John Michael Gyllenborg,TE82,KC,462.5,,,,495,430,,
448,Odell Beckham,WR159,NYG,464.0,,,394,711,287,,
449,Jaylin Lane,WR160,WAS,464.3,247,,369,686,338,,
450,Mo Alie-Cox,TE83,IND,466.0,,,412,531,455,,
451,Michael Carter,RB101,TEN,466.3,,,567,361,471,,
452,Lil'Jordan Humphrey,WR161,DEN,466.7,,,550,410,440,,
453,Jeremy Ruckert,TE84,NYJ,469.0,,,416,521,470,,
454,Tim Patrick,WR162,NYJ,473.3,,,544,418,458,,
455,Will Shipley,RB102,PHI,474.0,,,276,923,346,,351
456,Matthew Hibner,TE85,BAL,474.0,,,474,,,,
457,Foster Moreau,TE86,HOU,475.3,,,425,534,467,,
458,Barion Brown,WR163,NO,479.7,,,450,609,380,,
459,Ty Simpson,QB44,LAR,480.3,268,282,336,949,354,,
460,Isaac Guerendo,RB103,SF,481.5,230,,305,919,352,,350
461,Eli Heidenreich,RB104,PIT,482.7,,,769,347,332,,
462,Deion Burks,WR164,IND,484.5,,,,644,325,,
463,Marshall Lang,TE87,MIN,485.0,,,,485,,,
464,Cade Klubnik,QB45,,488.0,,,488,,,,
465,Luke Schoonmaker,TE88,DAL,489.7,263,,409,681,379,,
466,Tyler Johnson,WR165,DAL,490.0,,,556,417,497,,
467,Taysom Hill,TE89,,490.7,,,803,362,307,,
468,Nate Adkins,TE90,DEN,491.3,,,426,541,507,,
469,JJ Galbreath,TE91,PIT,494.0,,,,494,,,
470,Darren Waller,TE92,,494.7,,,778,348,358,,
471,Dominic Zvada,K33,NYG,497.0,,308,348,835,,,
472,Jordan Whittington,WR166,LAR,497.0,244,,386,800,305,,
473,Kevin Austin,WR167,NO,498.0,,,692,384,418,,
474,Jimmy Horn Jr.,WR168,CAR,502.3,,,422,709,376,,
475,Ko Kieft,TE93,TB,504.3,,,463,516,534,,
476,Nick Chubb,RB105,,505.3,,,831,277,408,,
477,Isaiah Williams,WR169,NYJ,508.0,,,439,715,370,,
478,Theo Wease Jr.,WR170,MIA,509.8,,,729,675,337,,298
479,Anthony Richardson,QB46,IND,511.0,255,,337,869,327,,
480,Ian Thomas,TE94,LV,512.0,,,485,526,525,,
481,David Sills,WR171,TB,512.3,,,586,520,431,,
482,Aaron Anderson,WR172,CLE,513.5,,,,603,424,,
483,Bryce Pierre,TE95,,515.0,,,,515,,,
484,Kyle Juszczyk,RB106,SF,516.3,,,381,815,353,,
485,Grant Calcaterra,TE96,PHI,518.0,,,594,522,438,,
486,Josh Cameron,WR173,JAX,518.3,,,520,672,363,,
487,Qadir Ismail,WR174,CHI,519.0,,,,519,,,
488,Isaiah Hodgins,WR175,NYG,519.3,,,562,528,468,,
489,Jason Sanders,K34,NYJ,521.0,,,358,684,,,
490,Chris Manhertz,TE97,NYG,521.0,,,501,529,533,,
491,Malachi Corley,WR176,CLE,522.3,,,455,813,483,,338
492,Younghoe Koo,K35,,524.3,281,300,847,426,,,
493,Ben Sims,TE98,MIA,527.0,,,438,532,611,,
494,Riley Patterson,K36,MIA,528.7,,290,918,378,,,
495,Chris Moore,WR177,BAL,529.0,,,525,540,522,,
496,Jameis Winston,QB47,NYG,529.3,256,,335,898,355,,
497,Rasheen Ali,RB107,BAL,531.0,,,309,916,368,,
498,David Moore,WR178,CAR,531.0,,,543,533,517,,
499,Brevin Jordan,TE99,HOU,532.3,,,574,513,510,,
500,Jack Endries,TE100,CIN,532.3,,,765,490,342,,
501,J'Mari Taylor,RB108,JAX,533.0,,,,765,301,,
502,Reggie Virgil,WR179,ARI,534.3,,,490,620,493,,
503,Luke Farrell,TE101,SF,535.3,,,448,694,464,,
504,Devin Culp,TE102,TB,537.0,,,672,451,488,,
505,Brevyn Spann-Ford,TE103,DAL,540.0,,,453,783,384,,
506,Moliki Matavao,TE104,NO,540.3,,,718,496,407,,
507,Keleki Latu,TE105,BUF,540.7,,,741,478,403,,
508,Ashton Dulin,WR180,IND,541.0,,,373,853,397,,
509,Eric Rivers,WR181,TB,541.5,,,,654,429,,
510,James Mitchell,TE106,CAR,542.0,,,600,467,559,,
511,Tyler Badie,RB109,DEN,542.7,,,278,874,476,,
512,Hunter Long,TE107,JAX,543.0,,,572,399,658,,
513,Kaden Wetjen,WR182,PIT,543.7,,,491,622,518,,
514,Shane Zylstra,TE108,BUF,544.7,,,584,518,532,,
515,Damiere Byrd,WR183,,548.0,,,,,548,,
516,Jacob Cowing,WR184,SF,549.0,,,512,778,357,,
517,Elijah Mitchell,RB110,PHI,549.0,,,571,770,306,,
518,Justin Hall,WR185,,549.0,,,,,549,,
519,Elijhah Badger,WR186,,551.0,,,,,551,,
520,Josh Whyle,TE109,GB,552.0,,,630,527,499,,
521,Thaddeus Moss,TE110,,554.0,,,,,554,,
522,Jeremiah Webb,WR187,NE,555.0,,,,555,,,
523,Wayne Gallman,RB111,,555.0,,,,,555,,
524,Jaleel McLaughlin,RB112,DEN,556.0,,,646,550,472,,
525,Jaren Kanak,TE111,TEN,556.0,,,762,483,423,,
526,Courtney Jackson,WR188,TEN,557.0,,,,557,,,
527,Xavier Smith,WR189,LAR,560.3,,,443,801,437,,
528,Darius Cooper,WR190,PHI,561.0,,,479,714,490,,
529,DeAngelo Hardy,WR191,,562.0,,,,,562,,
530,Tyrod Taylor,QB48,GB,562.7,,,460,786,442,,
531,Davis Mills,QB49,HOU,562.7,,,483,814,391,,
532,Jeremy McNichols,RB113,WAS,563.7,,,536,692,463,,
533,Matt LaCosse,TE112,NE,564.0,,,,,564,,
534,Breshad Perriman,WR192,,565.0,,,,,565,,
535,Jeff Caldwell,WR193,KC,565.5,,,,584,547,,
536,Lewis Bond,WR194,HOU,566.0,,,772,593,333,,
537,Salvon Ahmed,RB114,CHI,566.7,,,563,735,402,,
538,Durham Smythe,TE113,BAL,567.3,,,419,817,466,,
539,Stephen Gosnell,WR195,BUF,568.0,,,,568,,,
540,Chase Roberts,WR196,,568.5,,,,646,491,,
541,Noah Thomas,WR197,CIN,570.5,,,,645,496,,
542,Payne Durham,TE114,TB,571.0,,,431,805,477,,
543,Cole Burgess,WR198,,571.0,,,,571,,,
544,AJ McCarron,QB50,,571.0,,,,,571,,
545,Pierre Strong,RB115,GB,571.7,,,593,793,329,,
546,Ronald Jones,RB116,,573.0,,,,,573,,
547,Tyson Bagent,QB51,CHI,573.3,,,343,989,388,,
548,Xavier Johnson,WR199,CIN,574.0,,,,574,,,
549,Nathan Carter,RB117,ATL,574.0,,,,,574,,
550,Tai Felton,WR200,MIN,574.3,,,465,876,382,,
551,Jerome Ford,RB118,WAS,574.7,,,598,717,409,,
552,Tre Stewart,RB119,,576.0,,,,,576,,
553,Efton Chism,WR201,NE,576.3,,,517,792,420,,
554,Sione Vaki,RB120,DET,576.8,,,674,981,331,,321
555,Vinny Anthony II,WR202,ATL,578.5,,,,556,601,,
556,Mason Tipton,WR203,NO,578.7,,,516,816,404,,
557,Tommy DeVito,QB52,NE,579.0,,,341,947,449,,
558,Ja'Seem Reed,WR204,CAR,579.0,,,,579,,,
559,Matt Landers,WR205,,579.0,,,,,579,,
560,De'Anthony Thomas,WR206,,580.0,,,,,580,,
561,AJ Henning,WR207,MIA,581.0,,,,610,552,,
562,Will Mallory,TE115,IND,581.3,,,638,546,560,,
563,Holton Ahlers,QB53,,582.0,,,,,582,,
564,Tip Reiman,TE116,ARI,582.7,,,480,812,456,,
565,John Rhys Plumlee,QB54,,583.0,,,,583,,,
566,Marvin Jones,WR208,,583.0,,,,,583,,
567,Noah Brown,WR209,,584.0,,,777,435,540,,
568,Jonnu Smith,TE117,,584.3,,,804,355,594,,
569,Jarrett Stidham,QB55,DEN,586.0,,,338,970,450,,
570,Zakhari Franklin,WR210,,586.0,,,,,586,,
571,A.T. Perry,WR211,PIT,586.3,,,643,558,558,,
572,Seydou Traore,TE118,MIA,586.3,,,768,512,479,,
573,Charlie Woerner,TE119,ATL,586.7,,,486,794,480,,
574,Hunter Luepke,RB121,DAL,588.3,,,417,875,473,,
575,Jordan Watkins,WR212,SF,589.0,,,707,662,398,,
576,Taylen Green,QB56,CLE,589.3,,,764,933,317,,343
577,Phillip Brooks,WR213,,590.0,,,,,590,,
578,Jack Stoll,TE120,CLE,590.3,,,496,788,487,,
579,Connor Heyward,TE121,LV,590.7,,,446,883,443,,
580,Kendall Blanton,TE122,,591.0,,,,,591,,
581,Quinn Ewers,QB57,MIA,591.3,,,499,885,390,,
582,Thayer Thomas,WR214,,593.0,,,,,593,,
583,Jake Briningstool,TE123,KC,593.5,,,,484,703,,
584,Theo Riddick,RB122,,595.0,,,,,595,,
585,Tyler Huntley,QB58,BAL,596.0,,,476,867,445,,
586,Dean Connors,RB123,LAR,596.0,,,,727,465,,
587,Caleb Huntley,RB124,,596.0,,,,,596,,
588,Kyle Allen,QB59,BUF,596.3,,,492,941,356,,
589,Sean McKeon,TE124,IND,597.0,,,564,497,730,,
590,Xavier Restrepo,WR215,TEN,597.0,,,725,554,512,,
591,Eric Saubert,TE125,SEA,597.3,,,477,809,506,,
592,Nick Mullens,QB60,JAX,597.7,,,339,1003,451,,
593,Jaydn Ott,RB125,KC,599.5,,,,739,460,,
594,Dylan Laube,RB126,LV,599.7,,,308,983,508,,
595,Mason Pline,TE126,KC,600.0,,,,508,692,,
596,Kyric McGowan,WR216,,600.0,,,,,600,,
597,Duece Watts,WR217,,603.0,,,,,603,,
598,Dont'e Thornton Jr.,WR218,LV,603.5,260,,401,806,,,
599,Teddy Bridgewater,QB61,DET,604.3,,,457,963,393,,
600,Stone Smartt,TE127,PHI,606.0,,,622,691,505,,
601,Luke Floriea,WR219,CLE,606.0,,,,606,,,
602,Gavin Bartholomew,TE128,MIN,607.3,,,705,502,615,,
603,Raheim Sanders,RB127,CLE,607.3,,,730,696,396,,
604,Boston Scott,RB128,,608.0,,,,,608,,
605,Zach Ertz,TE129,,608.7,,,861,349,616,,
606,Drew Allar,QB62,PIT,609.0,259,,456,943,428,,
607,Trinidad Chambliss,QB63,,609.0,,,,,609,,
608,Nick Kallerup,TE130,SEA,610.5,,,742,479,,,
609,Brandon McManus,K37,,611.5,,,866,357,,,
610,Romello Brinson,WR220,,612.0,,,,612,,,
611,Cody White,WR221,SEA,612.7,,,583,781,474,,
612,Traeshon Holden,WR222,DAL,614.0,,,,661,567,,
613,James Robinson,RB129,,614.0,,,,,614,,
614,Maurice Alexander,WR223,CHI,614.3,,,623,582,638,,
615,Julian Hill,TE131,NE,615.0,,,648,688,509,,
616,Keandre Lambert-Smith (duplicate),WR224,LAC,615.5,,,413,818,,,
617,Arian Smith,WR225,NYJ,616.3,,,503,861,485,,
618,Ameer Abdullah,RB130,JAX,617.0,,,538,799,514,,
619,Ben Skowronek,WR226,PIT,618.3,,,441,877,537,,
620,Justin Watson,WR227,HOU,619.0,,,478,677,702,,
621,Ricky White,WR228,SEA,620.0,,,714,627,519,,
622,Scotty Washington,WR229,,620.0,,,,,620,,
623,Phillip Dorsett,WR230,LV,620.3,,,537,614,710,,
624,Ty Chandler,RB131,NO,620.3,,,597,802,462,,
625,Zach Horton,TE132,DET,621.0,,,751,491,,,
626,Drake Dabney,TE133,GB,621.0,,,755,487,,,
627,Bryson Green,WR231,ARI,621.0,,,,621,,,
628,Kayron Lynch-Adams,RB132,,622.0,,,,,622,,
629,Quintin Morris,TE134,JAX,622.3,,,611,775,481,,
630,Caleb Lohner,TE135,DEN,623.3,,,716,505,649,,
631,Anthony Gould,WR232,IND,624.7,,,432,914,528,,
632,Matt Prater,K38,,625.0,,,871,379,,,
633,Derius Davis,WR233,LAC,626.0,,,442,900,536,,
634,John Jiles,WR234,,626.0,,,,626,,,
635,Jordan Moore,WR235,CIN,626.5,,,,669,584,,
636,Jacques Patrick,RB133,,627.0,,,,,627,,
637,Daniel Carlson,K39,,627.5,,,849,406,,,
638,Jalen Brooks,WR236,ARI,628.0,,,521,865,498,,
639,Khalil Herbert,RB134,SF,628.0,,,914,909,362,,327
640,Luis Perez,QB64,,628.0,,,,,628,,
641,Bryan Thompson,WR237,,629.0,,,,,629,,
642,Riley Leonard,QB65,IND,630.0,,,459,985,446,,
643,KJ Hamler,WR238,,630.0,,,,,630,,
644,Andrew Ogletree,TE136,IND,630.5,,,471,790,,,
645,Jared Wayne,WR239,HOU,631.0,,,699,588,606,,
646,Joaquin Davis,WR240,PIT,631.0,,,,631,,,
647,Tanner McKee,QB66,PHI,631.3,,,454,992,448,,
648,Trey Lance,QB67,LAC,631.3,,,458,995,441,,
649,Bo Melton,WR241,GB,631.5,,,440,823,,,
650,Kendrick Law,WR242,DET,631.7,,,761,562,572,,
651,Antwane Wells Jr.,WR243,ATL,632.0,,,,632,,,
652,Cade Klubnik,QB68,NYJ,632.0,258,,,952,312,,
653,Malik Cunningham,QB69,DET,633.7,,,647,630,624,,
654,Derek Carr,QB70,,634.5,,,858,,411,,
655,Tim Jones,WR244,JAX,634.7,,,609,718,577,,
656,Lucas Krull,TE137,DEN,634.7,,,618,808,478,,
657,Leonard Taylor,TE138,,635.0,,,,,635,,
658,Marcedes Lewis,TE139,,635.3,,,805,447,654,,
659,Skyy Moore,WR245,GB,636.7,,,518,862,530,,
660,Damien Martinez,RB135,GB,637.0,,,715,721,475,,
661,Ben DiNucci,QB71,,637.0,,,,,637,,
662,CJ Dippre,TE140,NE,637.3,,,461,441,1010,,
663,Gardner Minshew,QB72,ARI,637.7,,,500,999,414,,
664,Josh Williams,RB136,TB,638.3,,,322,758,835,,
665,Leroy Watson,TE141,,639.0,,,,,639,,
666,Mason Rudolph,QB73,PIT,639.3,,,535,991,392,,
667,Jam Miller,RB137,NE,639.3,,,767,766,385,,
668,Kylen Granson,TE142,TEN,640.7,,,577,822,523,,
669,Jakeem Grant,WR246,,641.0,,,,,641,,
670,Jalen Cropper,WR247,NO,642.5,,,696,589,,,
671,Dareke Young,WR248,LV,643.0,,,519,895,515,,
672,David Blough,QB74,,643.0,,,,,643,,
673,Teagan Quitoriano,TE143,ARI,643.3,,,595,492,843,,
674,Cooper Rush,QB75,ATL,643.7,,,534,996,401,,
675,Easop Winston,WR249,,644.0,,,,,644,,
676,Mitchell Trubisky,QB76,TEN,644.3,,,495,986,452,,
677,LaJohntay Wester,WR250,BAL,644.7,,,508,897,529,,
678,Trent Sherfield,WR251,BUF,644.7,,,528,879,527,,
679,Dameon Pierce,RB138,PHI,645.0,,,589,907,439,,
680,Kaden Smith,TE144,,645.0,,,,,645,,
681,Brittain Brown,RB139,CHI,645.3,,,604,728,604,,
682,Jackson Meeks,WR252,DET,646.0,,,746,536,656,,
683,James Washington,WR253,,646.0,,,,,646,,
684,Ian Book,QB77,,648.0,,,,,648,,
685,Tylan Wallace,WR254,CLE,649.0,,,576,850,521,,
686,Antonio Gibson,RB140,,649.0,,,889,425,633,,
687,Garrett Greene,QB78,TB,649.0,,,,649,,,
688,Cade York,K40,NYJ,649.7,,304,926,719,,,
689,Quincy Skinner,WR255,NYJ,651.0,,,,651,,,
690,Deshaun Fenwick,RB141,,651.0,,,,,651,,
691,Nikko Remigio,WR256,KC,651.3,,,511,904,539,,
692,Eli Pancol,WR257,IND,651.5,,,,605,698,,
693,Kalel Mullings,RB142,TEN,652.0,,,706,748,502,,
694,Nick Williams,WR258,DEN,652.0,,,,,652,,
695,Devin Duvernay,WR259,ARI,652.7,,,514,906,538,,
696,Rivaldo Fairweather,TE145,ARI,653.0,,,,464,842,,
697,Hayden Rucci,TE146,SF,653.3,,,747,475,738,,
698,Aidan O'Connell,QB79,LV,654.3,,,640,918,405,,
699,Jermaine Burton,WR260,,656.0,,,978,,334,,
700,Mario Williams,WR261,LAR,658.5,,,,590,727,,
701,Curtis Samuel,WR262,,659.0,,,836,543,598,,
702,Jalen Virgil,WR263,,660.7,,,610,566,806,,
703,Feleipe Franks,TE147,CAR,661.0,,,580,868,535,,
704,Tanner Morgan,QB80,,661.0,,,,,661,,
705,Will Levis,QB81,TEN,662.0,,,625,917,444,,
706,Nikola Kalinic,TE148,CHI,663.0,,,616,459,914,,
707,Xavier Weaver,WR264,ARI,663.0,,,684,821,484,,
708,Andy Dalton,QB82,PHI,664.7,,,547,993,454,,
709,Josh Johnson,QB83,CIN,664.7,,,549,988,457,,
710,Jimmy Holiday,WR265,KC,666.0,,,754,578,,,
711,Kevin Harris,RB143,,666.0,,,,,666,,
712,Zavier Scott,WR266,MIN,666.3,,,735,803,461,,
713,Samson Nacua,WR267,,667.0,,,,,667,,
714,Jacoby Jones,WR268,WAS,668.0,,,750,586,,,
715,Sammis Reyes,TE149,,668.0,,,,,668,,
716,Josiah Deguara,TE150,SF,668.3,,,558,777,670,,
717,Albert Okwuegbunam,TE151,LV,668.3,,,559,444,1002,,
718,Joshua Dobbs,QB84,,668.5,,,791,,546,,
719,Cameron Latu,TE152,PHI,669.0,,,629,852,526,,
720,Jahmal Banks,WR269,,669.0,,,,,669,,
721,Jake Browning,QB85,TB,670.0,,,340,695,975,,
722,Mike White,QB86,,670.0,,,797,,543,,
723,Donovan Edwards,RB144,MIA,671.0,,,727,755,531,,
724,Micah Bernard,RB145,,671.0,,,,,671,,
725,Kenyan Drake,RB146,,672.0,,,,,672,,
726,Blake Whiteheart,TE153,CLE,672.3,,,652,849,516,,
727,Junior Bergen,WR270,SF,672.3,,,719,564,734,,
728,Ross Dwelley,TE154,,673.0,,,790,,556,,
729,Ronnie Rivers,RB147,LAR,673.7,,,615,920,486,,
730,Cam Grandy,TE155,CIN,673.7,,,695,535,791,,
731,Jordan Mims,RB148,MIN,675.0,,,658,789,578,,
732,Giles Jackson,WR271,,675.0,,,,,675,,
733,Le'Veon Moss,RB149,,675.5,,,,726,625,,
734,Nick Muse,TE156,DET,675.7,,,935,480,612,,
735,River Cracraft,WR272,WAS,676.0,,,530,700,798,,
736,Jalen Milroe,QB87,SEA,677.7,,,703,1002,328,,
737,Quez Watkins,WR273,PHI,678.0,,,560,595,879,,
738,Austin Mack,WR274,,678.0,,,,,678,,
739,Dae'quan Wright,TE157,PHI,678.5,,,,506,851,,
740,Pete Guerriero,RB150,,679.0,,,,,679,,
741,Joshua Karty,K41,,680.0,,,979,381,,,
742,DJ Turner,WR275,HOU,680.7,,,608,685,749,,
743,Jake Bobo,WR276,SEA,681.0,,,651,872,520,,
744,Lucky Jackson,WR277,DET,681.0,,,,676,686,,
745,Coleman Owen,WR278,IND,681.5,,,756,607,,,
746,Raleigh Webb,WR279,,682.0,,,,,682,,
747,Devine Ozigbo,RB151,,683.0,,,,,683,,
748,E.J. Jenkins,TE158,PHI,683.3,,,698,461,891,,
749,Keelan Doss,WR280,,684.0,,,,,684,,
750,Samori Toure,WR281,PHI,684.3,,,601,581,871,,
751,Thyrick Pitts,WR282,,685.0,,,,,685,,
752,Joe Milton,QB88,DAL,687.0,,,678,994,389,,
753,Zaire Mitchell-Paden,TE159,NO,687.3,,,745,473,844,,
754,Gunner Olszewski,WR283,NYG,687.7,,,551,795,717,,
755,Bryant Koback,RB152,,688.0,,,,,688,,
756,Gage Larvadain,WR284,CLE,689.5,,,515,864,,,
757,Cam Camper,WR285,NYJ,689.5,,,,668,711,,
758,Jordan Hudson,WR286,,689.5,,,,673,706,,
759,Zay Jones,WR287,,689.7,,,837,539,693,,
760,Chris Carson,RB153,,690.0,,,,,690,,
761,Dezmon Patmon,WR288,,691.0,,,,,691,,
762,Terion Stewart,RB154,,692.5,,,,768,617,,
763,Kameron Johnson,WR289,TB,693.0,,,502,884,,,
764,Mason Kinsey,WR290,TEN,694.0,,,524,878,680,,
765,Eric McAlister,WR291,,694.0,,,,,694,,
766,Ben Yurosek,TE160,MIN,694.3,,,739,820,524,,
767,Hunter Renfrow,WR292,,694.7,,,799,393,892,,
768,Julius Chestnut,RB155,TEN,695.0,,,607,978,500,,
769,Montrell Johnson,RB156,,695.0,,,,756,634,,
770,Elijah Moore,WR293,PHI,695.3,,,568,530,988,,
771,Will Howard,QB89,PIT,695.3,,,723,938,425,,
772,Dalevon Campbell,WR294,LAC,695.5,,,758,633,,,
773,Michael Bandy,WR295,DEN,695.7,,,522,683,882,,
774,Johnny Mundt,TE161,PHI,696.0,,,487,697,904,,
775,Donald Parham,TE162,,696.0,,,882,517,689,,
776,Jaylon Moore,WR296,,696.0,,,,,696,,
777,Russell Gage,WR297,,697.0,,,784,,610,,
778,Laquon Treadwell,WR298,IND,697.3,,,484,892,716,,
779,Tyler Goodson,RB157,ATL,698.0,,,657,924,513,,
780,Bryce Oliver,WR299,TEN,698.0,,,690,706,,,
781,Eric Gray,RB158,NYG,698.7,,,635,819,642,,
782,Michael Gallup,WR300,,699.0,,,,,699,,
783,Dante Pettis,WR301,BUF,700.0,,,827,791,482,,
784,Daijun Edwards,RB159,,700.0,,,,,700,,
785,Paul Richardson,WR302,,701.0,,,,,701,,
786,Anthony Firkser,TE163,DET,701.7,,,788,549,768,,
787,Zack Kuntz,TE164,LV,702.0,,,948,482,676,,
788,Ke'Shawn Williams,WR303,CIN,703.0,,,513,893,,,
789,British Brooks,RB160,HOU,704.0,,,506,902,,,
790,Marcus Yarns,RB161,,704.0,,,,,704,,
791,Tyree Jackson,TE165,,704.7,,,873,469,772,,
792,Jordan Akins,TE166,,706.0,,,781,,631,,
793,Darrell Henderson,RB162,,707.0,,,,,707,,
794,Hassan Hall,RB163,,708.0,,,,,708,,
795,Armani Rogers,TE167,,709.0,,,,,709,,
796,Shedrick Jackson,WR304,LV,709.7,,,654,659,816,,
797,Tanner McLachlan,TE168,SF,710.0,,,680,499,951,,
798,Dillon Gabriel,QB90,CLE,710.7,,,702,977,453,,
799,Rodney Smith,RB164,,712.0,,,,,712,,
800,Neal Johnson,TE169,,713.0,,,,,713,,
801,DeeJay Dallas,RB165,JAX,713.3,,,321,929,890,,
802,Frank Gore Jr.,RB166,BUF,714.0,,,697,731,,,
803,Stephen Anderson,TE170,,714.0,,,,,714,,
804,Shane Buechele,QB91,BUF,716.0,,,613,948,587,,
805,Irvin Charles,WR305,SEA,717.5,,,650,785,,,
806,Sam Pitz,TE171,,718.0,,,,,718,,
807,Brandon Allen,QB92,NYG,718.3,,,533,967,655,,
808,Luke Lachey,TE172,GB,718.7,,,709,476,971,,
809,Joshua Cephus,WR306,,719.3,,,1000,616,542,,
810,Ben Sauls,K42,NYG,719.7,282,309,1017,833,,,
811,Lawrence Keys,WR307,DET,720.0,,,,625,815,,
812,Lucas Scott,RB167,BAL,720.0,,,,720,,,
813,Quintez Cephus,WR308,,721.0,,,,,721,,
814,Dante Miller,RB168,NYG,721.5,,,681,762,,,
815,Brady Russell,TE173,SEA,721.7,,,655,921,589,,
816,Demetric Felton,RB169,,722.0,,,,,722,,
817,Dan Villari,TE174,LAR,723.0,,,,486,960,,
818,Jamaal Pritchett,WR309,NYJ,724.5,,,,608,841,,
819,Emmanuel Henderson Jr,WR310,SEA,725.3,,,774,648,754,,
820,Caden Prieskorn,TE175,CAR,725.5,,,,471,980,,
821,Gerrid Doaks,RB170,,726.0,,,,,726,,
822,Cornelius Johnson,WR311,BAL,726.7,,,669,639,872,,
823,Treyton Welch,TE176,NO,726.7,,,740,454,986,,
824,Brenden Rice,WR312,,728.0,,,664,671,849,,
825,Tarik Cohen,RB171,,728.0,,,,,728,,
826,Tru Edwards,WR313,LAR,728.5,,,,634,823,,
827,James O'Shaughnessy,TE177,,729.0,,,,,729,,
828,Deven Thompkins,WR314,LV,729.7,,,606,886,697,,
829,Russell Wilson,QB93,,730.0,,,870,776,544,,
830,Kye Robichaux,RB172,DET,730.0,,,,730,,,
831,Derrick Gore,RB173,,731.0,,,,,731,,
832,Lawrence Cager,TE178,WAS,731.3,,,566,501,1127,,
833,Mac Dalena,WR315,BUF,731.5,,,,577,886,,
834,Gerald Everett,TE179,,732.0,,,817,,647,,
835,Deion Hankins,RB174,,732.0,,,,732,,,
836,Stephen Carlson,TE180,CHI,733.0,,,552,504,1143,,
837,Brock Lampe,RB175,,733.0,,,,733,,,
838,Kenny Yeboah,TE181,ARI,733.3,,,582,525,1093,,
839,Isaiah Neyor,WR316,GB,733.7,,,726,637,838,,
840,Jeshaun Jones,WR317,MIN,734.0,,,523,602,1077,,
841,Jared Wiley,TE182,KC,734.0,,,666,456,1080,,
842,Sal Cannella,TE183,,734.3,,,1014,452,737,,
843,Cody Schrader,RB176,DEN,734.7,,,686,751,767,,
844,Pharaoh Brown,TE184,,735.0,,,879,542,784,,
845,Tommy Sweeney,TE185,,735.0,,,,,735,,
846,Jelani Woods,TE186,NYJ,736.0,,,590,498,1120,,
847,Trey Palmer,WR318,NO,736.0,,,641,702,865,,
848,McCallan Castles,TE187,GB,736.5,,,,477,996,,
849,Sterling Shepard,WR319,,737.0,,,854,380,977,,
850,ShunDerrick Powell,RB177,,737.0,,,,737,,,
851,Jonathan Mingo,WR320,DAL,738.0,,,481,881,852,,
852,Velus Jones,WR321,SEA,738.5,,,588,889,,,
853,Amar Johnson,RB178,LAC,738.5,,,748,729,,,
854,Jacardia Wright,RB179,SEA,738.5,,,752,725,,,
855,C.J. Uzomah,TE188,,739.0,,,801,,677,,
856,Dontae Fleming,WR322,MIN,739.0,,,,597,881,,
857,Jerick McKinnon,RB180,,739.0,,,,,739,,
858,Ainias Smith,WR323,CAR,739.3,,,671,548,999,,
859,Ian Wheeler,RB181,BUF,740.0,,,,740,,,
860,Isaiah McKenzie,WR324,,740.0,,,,,740,,
861,Elijah Cooks,WR325,,740.7,,,965,576,681,,
862,Ryan Tannehill,QB94,,741.0,,,,,741,,
863,Jaelon Darden,WR326,,741.5,,,913,,570,,
864,Tay Martin,WR327,DET,741.7,,,621,567,1037,,
865,Anthony McFarland,RB182,,742.0,,,,,742,,
866,Irv Smith,TE189,,743.0,,,824,,662,,
867,Brennan Presley,WR328,LAR,743.7,,,757,599,875,,
868,Tejhaun Palmer,WR329,,744.0,,,676,572,984,,
869,Casey Washington,WR330,CAR,744.3,,,668,703,862,,
870,Chris Blair,WR331,ATL,745.3,,,659,647,930,,
871,Caullin Lacy,WR332,,745.5,,,,596,895,,
872,Ben Mason,TE190,,746.0,,,,,746,,
873,Ezekiel Elliott,RB183,,746.5,,,843,,650,,
874,Nelson Agholor,WR333,,746.5,,,853,,640,,
875,Trey Sermon,RB184,,746.5,,,908,,585,,
876,Kenny Pickett,QB95,CAR,746.7,,,464,998,778,,
877,Nate Carter,RB185,ATL,748.0,,,733,763,,,
878,Deneric Prince,RB186,,749.7,,,958,734,557,,
879,Kentrel Bullock,RB187,CIN,750.0,,,,750,,,
880,Bauer Sharp,TE191,TB,750.3,,,766,445,1040,,
881,Dallen Bentley,TE192,DEN,750.3,,,773,466,1012,,
882,Payton Thorne,QB96,,751.0,,,,,751,,
883,Corey Clement,RB188,,752.0,,,,,752,,
884,Rakim Jarrett,WR334,,753.5,,,962,,545,,
885,Max Duggan,QB97,,754.0,,,955,,553,,
886,Jamal Haynes,RB189,,754.0,,,,754,,,
887,Jakobie Keeney-James,WR335,PIT,755.0,,,1015,563,687,,
888,Kenny Golladay,WR336,,755.0,,,,,755,,
889,D.J. Montgomery,WR337,,755.7,,,924,611,732,,
890,Luke Altmyer,QB98,DET,756.0,,,,962,550,,
891,Joshua Simon,TE193,ATL,756.5,,,,472,1041,,
892,Keaontay Ingram,RB190,,756.7,,,932,741,597,,
893,Brandon Smith,WR338,PIT,757.0,,,605,635,1031,,
894,Jimmy Garoppolo,QB99,,757.0,,,864,1001,406,,
895,Noah Cain,RB191,,757.0,,,,,757,,
896,Terrell Bynum,WR339,,757.5,,,974,,541,,
897,Sincere McCormick,RB192,SF,758.0,,,688,679,907,,
898,Chase Cota,WR340,,758.0,,,,,758,,
899,Anthony Tyus,RB193,CAR,758.5,,,,723,794,,
900,Jalen Reagor,WR341,MIA,758.7,,,554,705,1017,,
901,Gus Edwards,RB194,,759.0,,,844,,674,,
902,Richard Rodgers,TE194,,759.0,,,,,759,,
903,Zander Horvath,RB195,,760.0,,,,,760,,
904,Qadree Ollison,RB196,,761.0,,,,,761,,
905,Nick Vannett,TE195,SEA,761.3,,,529,431,1324,,
906,Deion Burks (Duplicate),WR342,,763.0,,,763,,,,
907,Desmond Reid,RB197,,763.0,,,,722,804,,
908,Nate Sudfeld,QB100,,763.0,,,,,763,,
909,Jaret Patterson,RB198,LAC,763.7,,,581,553,1157,,
910,Dare Ogunbowale,RB199,,764.0,,,793,894,605,,
911,Rocky Lombardi,QB101,,764.0,,,,,764,,
912,Justin Shorter,WR343,LV,764.3,,,632,537,1124,,
913,Michael Wiley,RB200,,764.3,,,990,742,561,,
914,Dede Westbrook,WR344,,765.0,,,,,765,,
915,Beaux Collins,WR345,NYG,765.3,,,734,857,705,,
916,Terrell Jennings,RB201,NE,767.5,,,689,846,,,
917,Hendon Hooker,QB102,TEN,768.3,,,626,959,720,,
918,Peyton Hendershot,TE196,,768.5,,,938,,599,,
919,Seth Henigan,QB103,,769.0,,,,975,563,,
920,Clive Walford,TE197,,770.0,,,,,770,,
921,Joshua Kelley,RB202,,770.5,,,888,,653,,
922,Cedrick Wilson,WR346,DET,771.0,,,531,855,927,,
923,Kenny McIntosh,RB203,,771.0,,,949,798,566,,
924,Brayden Willis,TE198,SF,771.3,,,642,871,801,,
925,Colton Dowell,WR347,SF,772.7,,,644,587,1087,,
926,Brandin Cooks,WR348,,772.7,,,863,433,1022,,
927,Malik Heath,WR349,ATL,773.0,,,963,551,805,,
928,Roman Hemby,RB204,,773.0,,,,759,787,,
929,Jeff Driskel,QB104,,773.3,,,792,936,592,,
930,Troy Hairston,RB205,,773.5,,,940,,607,,
931,Allen Lazard,WR350,,774.0,,,798,,750,,
932,Gabe Davis,WR351,,774.0,,,892,395,1035,,
933,Zach Davidson,TE199,,774.0,,,916,,632,,
934,Phillip Lindsay,RB206,,775.0,,,,,775,,
935,Braxton Berrios,WR352,NYG,775.3,,,504,859,963,,
936,Montorie Foster,WR353,SEA,775.5,,,,615,936,,
937,Penny Hart,WR354,,776.0,,,,,776,,
938,Chris Hilton Jr.,WR355,,776.5,,,,619,934,,
939,Brandon Johnson,WR356,LV,776.7,,,620,601,1109,,
940,Patrick Ricard,RB207,NYG,777.0,,,497,928,906,,
941,Bub Means,WR357,NO,777.0,,,667,439,1225,,
942,Jalon Calhoun,WR358,,777.0,,,,,777,,
943,DeAndre Carter,WR359,,779.0,,,786,915,636,,
944,Owen Wright,RB208,,779.0,,,973,745,619,,
945,Trevon Wesco,TE200,,780.0,,,,,780,,
946,Tyler Lockett,WR360,,783.0,,,850,428,1071,,
947,Duke Williams,WR361,,783.0,,,,,783,,
948,Kaden Prather,WR362,GB,783.3,,,1011,674,665,,
949,Geoff Swaim,TE201,,783.5,,,842,,725,,
950,Jamaal Williams,RB209,,783.5,,,848,,719,,
951,Carlos Washington,RB210,MIA,784.0,,,694,771,887,,
952,Josh Reynolds,WR363,,784.0,,,800,422,1130,,
953,Andrew Beck,TE202,NYJ,785.0,,,482,866,1007,,
954,Thomas Fidone II,TE203,NYG,785.0,,,711,443,1201,,
955,Alec Ingold,RB211,LAC,785.3,,,433,912,1011,,
956,Jalin Hyatt,WR364,NYG,786.0,,,628,873,857,,
957,Ronnie Bell,WR365,NO,786.3,,,639,774,946,,
958,Tahj Washington,WR366,MIA,786.3,,,675,655,1029,,
959,Michael Woods,WR367,DEN,786.3,,,934,701,724,,
960,Avery Williams,RB212,,787.5,,,915,,660,,
961,Joe Reed,WR368,,788.0,,,,,788,,
962,Jacob Saylors,RB213,DET,788.3,,,320,926,1119,,
963,Chandler Brayboy,WR369,JAX,788.3,,,731,598,1036,,
964,Clyde Edwards-Helaire,RB214,,789.0,,,883,,695,,
965,Marlon Mack,RB215,,789.0,,,,,789,,
966,Malik Turner,WR370,SF,789.7,,,532,594,1243,,
967,Patrick Taylor,RB216,SF,790.3,,,585,713,1073,,
968,Corey Kiner,RB217,ARI,790.3,,,728,858,785,,
969,Robbie Ouzts,TE204,SEA,792.0,,,722,680,974,,
970,Nate McCrary,RB218,,792.0,,,,,792,,
971,Carter Runyon,TE205,LV,792.5,,,738,847,,,
972,Jake Funk,RB219,,793.0,,,,,793,,
973,Trevor Siemian,QB105,,793.7,,,807,956,618,,
974,Zach Pascal,WR371,,794.0,,,780,,808,,
975,Terrace Marshall,WR372,MIA,795.0,,,569,716,1100,,
976,O.J. Howard,TE206,,795.0,,,,,795,,
977,Princeton Fant,TE207,DAL,795.7,,,653,493,1241,,
978,Jason Huntley,RB220,,797.0,,,,,797,,
979,Sam Howell,QB106,DAL,797.7,,,344,953,1096,,
980,Brenden Bates,TE208,CLE,798.7,,,685,707,1004,,
981,DeAndre Washington,RB221,,799.0,,,,,799,,
982,D'Ernest Johnson,RB222,,799.5,,,876,,723,,
983,Kaden Davis,WR373,CHI,800.0,,,691,665,1044,,
984,Xavier Gipson,WR374,NYG,801.0,,,649,925,829,,
985,Jadon Janke,WR375,,802.0,,,,,802,,
986,Jordan Travis,QB107,,803.0,,,983,,623,,
987,Sean Mannion,QB108,,803.0,,,,,803,,
988,Jeff Wilson,RB223,,803.5,,,811,,796,,
989,Brycen Tremayne,WR376,CAR,804.0,,,489,810,1113,,
990,Thomas Odukoya,TE209,,804.0,,,995,,613,,
991,Jason Brownlee,WR377,KC,804.7,,,645,636,1133,,
992,Brandon Powell,WR378,,805.0,,,779,,831,,
993,Adam Prentice,RB224,DEN,805.7,,,445,927,1045,,
994,Dalvin Cook,RB225,,806.0,,,830,,782,,
995,Trace McSorley,QB109,,807.0,,,,,807,,
996,Ryan Griffin,TE210,,808.0,,,808,,,,
997,K.J. Osborn,WR379,TEN,808.7,,,561,689,1176,,
998,Bailey Gaither,WR380,,809.0,,,,,809,,
999,Danny Gray,WR381,PHI,810.0,,,591,629,1210,,
1000,Cole Turner,TE211,MIA,810.0,,,596,500,1334,,
1001,Tre Nixon,WR382,,810.0,,,,,810,,
1002,Jaheim Bell,TE212,PIT,810.3,,,677,545,1209,,
1003,Richie James,WR383,,812.0,,,,,812,,
1004,Tanner Conner,TE213,NYG,812.3,,,612,710,1115,,
1005,KhaDarel Hodge,WR384,,812.3,,,795,880,762,,
1006,Spencer Brown,RB226,,813.0,,,,,813,,
1007,Benny Snell,RB227,,814.0,,,,,814,,
1008,Alexander Mattison,RB228,,814.3,,,826,437,1180,,
1009,Kearis Jackson,WR385,,815.0,,,966,,664,,
1010,Austin Seibert,K43,,816.0,,,816,,,,
1011,DeMeer Blankumsee,WR386,,817.0,,,,,817,,
1012,DJ Rogers,TE214,DAL,819.0,,,,448,1190,,
1013,Melvin Gordon,RB229,,819.0,,,,,819,,
1014,Taylor Elgersma,QB110,,820.0,,,,,820,,
1015,Chris Oladokun,QB111,KC,820.3,,,603,964,894,,
1016,Chris Collier,RB230,LV,820.3,,,700,842,919,,
1017,Nyheim Hines,RB231,,821.0,,,821,,,,
1018,Sam Brown,WR387,,821.0,,,,,821,,
1019,John FitzPatrick,TE215,,821.7,,,933,682,850,,
1020,Lee Smith,TE216,ATL,822.0,,,,,822,,
1021,Keilan Robinson,RB232,,822.5,,,982,,663,,
1022,Dan Chisena,WR388,CAR,822.7,,,565,708,1195,,
1023,Isaac Rex,TE217,,824.0,,,,,824,,
1024,Greg Joseph,K44,,825.0,,,825,,,,
1025,Kansei Matsuzawa,K45,LV,825.0,,,,825,,,
1026,Lenny Krieg,K46,,826.0,,,,826,,,
1027,Tyrie Cleveland,WR389,,826.0,,,,,826,,
1028,J.J. Taylor,RB233,,827.0,,,898,,756,,
1029,Mason Shipley,K47,,827.0,,,,827,,,
1030,Blake Bell,TE218,,827.0,,,,,827,,
1031,Mecole Hardman,WR390,BUF,827.3,,,541,693,1248,,
1032,Maddux Trujillo,K48,,828.0,,,,828,,,
1033,Daniel Arias,WR391,,828.0,,,,,828,,
1034,Case Keenum,QB112,CHI,829.3,,,548,951,989,,
1035,Laith Marjan,K49,PIT,830.0,,,,830,,,
1036,Cam Sims,WR392,,830.0,,,,,830,,
1037,Will Ferrin,K50,,831.0,,,,831,,,
1038,Ethan Sanchez,K51,,832.0,,,,832,,,
1039,Cephus Johnson,WR393,,832.0,,,,,832,,
1040,Gary Brightwell,RB234,CIN,833.0,,,573,738,1188,,
1041,Jason Bean,QB113,,833.0,,,,,833,,
1042,Mitchell Wilcox,TE219,,833.5,,,920,,747,,
1043,DJ Chark,WR394,,834.0,,,834,,,,
1044,Paul Geelen,K52,,834.0,,,,834,,,
1045,Patrick Laird,RB235,,834.0,,,,,834,,
1046,Travis Homer,RB236,PIT,834.3,,,542,982,979,,
1047,Kendall Milton,RB237,CIN,834.3,,,693,736,1074,,
1048,Ihmir Smith-Marsette,WR395,ARI,835.0,,,575,780,1150,,
1049,Ke'Shawn Vaughn,RB238,,835.5,,,885,,786,,
1050,Chris Freeman,K53,,836.0,,,,836,,,
1051,Hunter Bryant,TE220,,836.0,,,,,836,,
1052,Nick Nash,WR396,WAS,836.3,,,724,585,1200,,
1053,Noah Whittington,RB239,HOU,837.0,,,,769,905,,
1054,Drew Stevens,K54,WAS,837.0,,,,837,,,
1055,Justin Johnson,TE221,,837.0,,,,,837,,
1056,Will Dissly,TE222,,837.3,,,832,421,1259,,
1057,Quentin Skinner,WR397,BUF,837.7,,,749,592,1172,,
1058,JaMycal Hasty,RB240,,838.0,,,897,,779,,
1059,Luke Drzewiecki,K55,,838.0,,,,838,,,
1060,Drew Lock,QB114,SEA,838.3,,,493,911,1111,,
1061,Gabriel Plascencia,K56,,839.0,,,,839,,,
1062,Kellen Mond,QB115,,839.0,,,,,839,,
1063,Michael Badgley,K57,,840.0,,,840,,,,
1064,Zack Annexstad,QB116,,840.0,,,,,840,,
1065,Kyle McCord,QB117,GB,841.0,,,720,937,866,,
1066,B.T. Potter,K58,TB,841.0,,,,841,,,
1067,Eric Tomlinson,TE223,,841.5,,,787,,896,,
1068,Harrison Wallace III,WR398,,841.5,,,,613,1070,,
1069,Jack Westover,TE224,NE,843.7,,,701,891,939,,
1070,Jordan Waters,RB241,LAR,844.0,,,,747,941,,
1071,Garrett Nussmeier,QB118,KC,844.7,,,770,946,818,,
1072,Jeff Smith,WR399,,845.0,,,,,845,,
1073,Kene Nwangwu,RB242,NYJ,845.7,,,304,896,1337,,
1074,Greg Bell,RB243,,846.0,,,,,846,,
1075,Dorian Thompson-Robinson,QB119,,847.0,,,951,,743,,
1076,Deon Jackson,RB244,,847.0,,,,,847,,
1077,Kendric Pryor,WR400,CIN,847.7,,,614,624,1305,,
1078,Dylan Drummond,WR401,ATL,851.7,,,660,845,1050,,
1079,Austin Trammell,WR402,JAX,852.0,,,617,851,1088,,
1080,Amari Cooper,WR403,,852.0,,,852,,,,
1081,Chris Evans,RB245,,853.0,,,,,853,,
1082,Trey Burton,TE225,,854.0,,,,,854,,
1083,Cole Payton,QB120,PHI,855.0,,,771,939,,,
1084,Jalin Conyers,TE226,,855.0,,,,507,1203,,
1085,Malcolm Brown,RB246,,855.0,,,,,855,,
1086,Chosen Anderson,WR404,,856.0,,,856,,,,
1087,Austin Stogner,TE227,,856.0,,,,,856,,
1088,Tyler Scott,WR405,LAR,858.0,,,637,782,1155,,
1089,Reid Sinnett,QB121,,858.0,,,,,858,,
1090,Ja'Lynn Polk,WR406,,859.7,,,662,699,1218,,
1091,Colson Yankoff,TE228,WAS,859.7,,,683,863,1033,,
1092,Graham Mertz,QB122,HOU,860.0,,,710,961,909,,
1093,Austin Jones,RB247,,860.0,,,,,860,,
1094,Giovanni Ricci,TE229,,860.5,,,921,,800,,
1095,Abram Smith,RB248,,861.0,,,,,861,,
1096,Gee Scott,TE230,NYJ,861.5,,,,657,1066,,
1097,Justin Tucker,K59,,862.0,,,862,,,,
1098,Jacob Hollister,TE231,,863.0,,,,,863,,
1099,SaRodorick Thompson,RB249,,864.5,,,976,,753,,
1100,Stetson Bennett,QB123,LAR,865.0,,,627,940,1028,,
1101,Britain Covey,WR407,PHI,865.3,,,509,890,1197,,
1102,Harrison Bryant,TE232,,866.0,,,891,843,864,,
1103,Messiah Swinson,TE233,GB,866.0,,,,450,1282,,
1104,Chris Conley,WR408,,867.0,,,851,,883,,
1105,Kobe Hudson,WR409,,867.0,,,,,867,,
1106,Dustin Hopkins,K60,,868.0,,,868,,,,
1107,Trenton Irwin,WR410,SF,868.0,,,881,779,944,,
1108,Kelly Akharaiyi,WR411,,868.0,,,,,868,,
1109,Cordarrelle Patterson,RB250,,868.5,,,802,,935,,
1110,Michael Burton,RB251,CLE,868.7,,,447,797,1362,,
1111,Evan Hull,RB252,ARI,868.7,,,633,901,1072,,
1112,Greg Zuerlein,K61,,869.0,,,869,,,,
1113,John Wolford,QB124,,869.0,,,899,942,766,,
1114,Jashaun Corbin,RB253,,870.0,,,,,870,,
1115,Denzel Mims,WR412,DAL,871.0,,,,643,1099,,
1116,Dalen Cambre,WR413,NYG,871.7,,,737,638,1240,,
1117,Graham Gano,K62,,872.0,,,872,,,,
1118,Lew Nichols,RB254,PIT,872.3,,,636,749,1232,,
1119,Miles Sanders,RB255,,873.0,,,819,387,1413,,
1120,Matt Corral,QB125,,873.0,,,,,873,,
1121,David Martin-Robinson,TE234,TEN,873.7,,,687,811,1123,,
1122,Hakeem Butler,TE235,DEN,874.0,,,,663,1085,,
1123,Raheem Blackshear,RB256,,875.0,,,939,,811,,
1124,Erik Ezukanma,WR414,PHI,875.7,,,592,640,1395,,
1125,Xavier Guillory,WR415,BAL,876.0,,,,573,1179,,
1126,Chester Rogers,WR416,,876.0,,,,,876,,
1127,Jalon Daniels,QB126,TB,877.0,,,,973,781,,
1128,Greg Ward,WR417,,877.0,,,,,877,,
1129,Ryan Miller,WR418,NYG,877.3,,,656,848,1128,,
1130,T.J. Luther,WR419,,878.0,,,,,878,,
1131,AJ Dillon,RB257,CAR,878.7,,,555,887,1194,,
1132,Kedon Slovis,QB127,ARI,878.7,,,744,935,957,,
1133,Austin Ekeler,RB258,,879.3,,,841,423,1374,,
1134,Brian Hoyer,QB128,,880.0,,,,,880,,
1135,Carson Steele,RB259,PHI,881.0,,,682,807,1154,,
1136,Dennis Houston,WR420,TB,883.0,,,619,658,1372,,
1137,Chip Trayanum,RB260,,884.0,,,,744,1024,,
1138,Drew Plitt,QB129,,884.0,,,,,884,,
1139,Will Sheppard,WR421,GB,884.5,,,,600,1169,,
1140,Dylan Parham,TE236,,885.0,,,,,885,,
1141,Andre Baccellia,WR422,,886.3,,,941,870,848,,
1142,Skylar Thompson,QB130,BAL,888.0,,,602,971,1091,,
1143,Equanimeous St. Brown,WR423,,888.0,,,815,,961,,
1144,Marquise Goodwin,WR424,,888.0,,,,,888,,
1145,Israel Abanikanda,RB261,DAL,890.3,,,634,761,1276,,
1146,Jamal Agnew,WR425,,891.0,,,776,,1006,,
1147,John Ross,WR426,,891.5,,,1009,,774,,
1148,Joseph Ngata,WR427,,892.5,,,960,,825,,
1149,Dillon Johnson,RB262,,893.0,,,,,893,,
1150,Simi Fehoko,WR428,ARI,895.0,,,578,903,1204,,
1151,Royce Freeman,RB263,,897.0,,,,,897,,
1152,John Kelly,RB264,,897.5,,,810,,985,,
1153,Tayvion Robinson,WR429,,898.0,,,,,898,,
1154,Tanner Brown,K63,NO,898.5,,,957,840,,,
1155,Cole Fotheringham,TE237,,899.0,,,,,899,,
1156,Charlie Jones,WR430,CIN,899.7,,,505,899,1295,,
1157,Jack Plummer,QB131,,900.0,,,,,900,,
1158,Johnny Wilson,WR431,PHI,901.0,,,679,712,1312,,
1159,DeAndre Hopkins,WR432,,901.7,,,857,403,1445,,
1160,Tucker Fisk,TE238,,902.3,,,968,824,915,,
1161,David Bell,WR433,,902.5,,,931,,874,,
1162,Lucas Havrisik,K64,,903.0,,,977,829,,,
1163,Tyler Davis,TE239,,903.0,,,,,903,,
1164,Zamir White,RB265,,904.0,,,928,882,902,,
1165,Matthew Wright,K65,,905.0,,,905,,,,
1166,Haynes King,QB132,CAR,906.5,,,,954,859,,
1167,Lake McRee,TE240,PIT,907.5,,,,488,1327,,
1168,Daylen Baldwin,WR434,,908.0,,,,,908,,
1169,Jacob Eason,QB133,,911.0,,,,,911,,
1170,Trayveon Williams,RB266,,912.3,,,806,905,1026,,
1171,Matt Barkley,QB134,,913.0,,,,,913,,
1172,Ulysses Bentley,RB267,IND,914.7,,,753,746,1245,,
1173,Parris Campbell,WR435,,914.7,,,822,687,1235,,
1174,Deonte Harty,WR436,,915.0,,,875,,955,,
1175,Ja'Quinden Jackson,RB268,,917.5,,,,743,1092,,
1176,C.J. Ham,RB269,,918.0,,,782,,1054,,
1177,Zach Wilson,QB135,NO,918.3,,,570,1000,1185,,
1178,Patrick Herbert,TE241,JAX,920.5,,,,489,1352,,
1179,Je'Quan Burton,WR437,,921.0,,,,,921,,
1180,Myles Gaskin,RB270,,921.5,,,818,,1025,,
1181,Josh Johnson,RB271,,922.0,,,922,,,,
1182,J.P. Holtz,TE242,,922.0,,,,,922,,
1183,Tyler Mabry,TE243,,923.0,,,923,,,,
1184,Rashard Higgins,WR438,,923.0,,,,,923,,
1185,Scotty Miller,WR439,CHI,923.3,,,539,796,1435,,
1186,Emani Bailey,RB272,,924.0,,,,,924,,
1187,Dominic Lovett,WR440,DET,924.7,,,717,642,1415,,
1188,Bailey Zappe,QB136,NYJ,925.7,,,599,957,1221,,
1189,Tom Kennedy,WR441,DET,926.7,,,553,856,1371,,
1190,Tyrone Broden,WR442,,927.5,,,,604,1251,,
1191,Davion Davis,WR443,,928.0,,,,,928,,
1192,Jordan Murray,TE244,,929.0,,,,,929,,
1193,Hunter Dekkers,QB137,NO,930.0,,,,930,,,
1194,Trent Taylor,WR444,,931.3,,,785,580,1429,,
1195,Jalen Walthall,WR445,,932.0,,,,617,1247,,
1196,John Copenhaver,TE245,,932.0,,,,,932,,
1197,Chase Edmonds,RB273,,933.0,,,833,753,1213,,
1198,Jason Cabinda,RB274,,933.0,,,,,933,,
1199,Jalen Wydermyer,TE246,,937.0,,,,,937,,
1200,Diontae Johnson,WR446,,938.0,,,823,,1053,,
1201,Tyler Boyd,WR447,,938.0,,,846,,1030,,
1202,Antoine Green,WR448,,938.5,,,952,,925,,
1203,JaQuae Jackson,WR449,LAC,938.5,,,,623,1254,,
1204,Myles Price,WR450,MIN,939.3,,,507,908,1403,,
1205,Devon Allen,WR451,,940.0,,,,,940,,
1206,Elijah Dotson,RB275,,940.5,,,961,,920,,
1207,Sean Clifford,QB138,CIN,941.3,,,631,966,1227,,
1208,Mohamed Ibrahim,RB276,,942.5,,,959,,926,,
1209,Alex McGough,QB139,,943.0,,,,,943,,
1210,Travis Vokolek,TE247,ARI,944.3,,,972,465,1396,,
1211,Bryson Nesbit,TE248,MIN,944.5,,,,462,1427,,
1212,Anders Carlson,K66,,945.0,,,945,,,,
1213,Juwann Winfree,WR452,,945.0,,,,,945,,
1214,Easton Stick,QB140,IND,946.0,,,540,960,1338,,
1215,Christopher Dunn,K67,,946.0,,,946,,,,
1216,Jacob Kibodi,RB277,,947.0,,,1005,,889,,
1217,Jerjuan Newton,WR453,,947.0,,,,,947,,
1218,Rahsul Faison,RB278,,948.0,,,,,948,,
1219,Andrew Armstrong,WR454,KC,949.0,,,,575,1323,,
1220,Jalen Richard,RB279,LV,950.0,,,,,950,,
1221,James Proche,WR455,,950.3,,,894,860,1097,,
1222,Devin Leary,QB141,,950.5,,,984,,917,,
1223,Thomas Yassmin,TE249,GB,952.0,,,,514,1390,,
1224,Brandon Dillon,TE250,,952.0,,,,,952,,
1225,Sam Ehlinger,QB142,DEN,953.7,,,579,965,1317,,
1226,Lance McCutcheon,WR456,TEN,954.0,,,,656,1252,,
1227,Nsimba Webster,WR457,,954.0,,,,,954,,
1228,Lan Larison,RB280,NE,954.3,,,732,767,1364,,
1229,DJ Uiagalelei,QB143,LAC,955.0,,,,955,,,
1230,Jha'Quan Jackson,WR458,HOU,955.7,,,673,787,1407,,
1231,Kurtis Rourke,QB144,SF,955.7,,,712,950,1205,,
1232,Joel Wilson,TE251,TEN,956.0,,,,474,1438,,
1233,Snoop Conner,RB281,,956.0,,,,,956,,
1234,Dillon Bell,WR459,MIN,956.5,,,,650,1263,,
1235,Josh Kelly,WR460,HOU,957.5,,,,560,1355,,
1236,P.J. Walker,QB145,,958.0,,,,,958,,
1237,Ja'Corey Brooks,WR461,,958.7,,,1013,667,1196,,
1238,Ellis Merriweather,RB282,,959.5,,,970,,949,,
1239,D'Onta Foreman,RB283,,960.5,,,838,,1083,,
1240,Deuce Vaughn,RB284,,960.7,,,943,804,1135,,
1241,Robert Henry Jr.,RB285,WAS,961.0,,,,764,1158,,
1242,Ayir Asante,WR462,,962.0,,,,,962,,
1243,Mark Redman,TE252,LAR,963.5,,,,503,1424,,
1244,Desmond Ridder,QB146,,963.7,,,929,984,978,,
1245,Chase Cota,WR463,,964.0,,,964,,,,
1246,Makai Polk,WR464,,964.0,,,,,964,,
1247,Roschon Johnson,RB286,CHI,964.7,,,624,913,1357,,
1248,Nathaniel Peat,RB287,,965.0,,,,,965,,
1249,Trishton Jackson,WR465,,966.0,,,900,,1032,,
1250,Jesper Horsted,TE253,,966.0,,,,,966,,
1251,Taiwan Jones,RB288,,967.0,,,,,967,,
1252,Da'Quan Felton,WR466,NYJ,967.5,,,,670,1265,,
1253,Lorenzo Lingard,RB289,,968.0,,,,,968,,
1254,Rodney Williams,TE254,,969.0,,,969,,,,
1255,Ricky Seals-Jones,TE255,,969.0,,,,,969,,
1256,Justyn Ross,WR467,,971.0,,,937,,1005,,
1257,Henry Pearson,RB290,,971.0,,,971,,,,
1258,Reggie Gilliam,RB291,NE,971.3,,,494,980,1440,,
1259,Nathan Peterman,QB147,,973.0,,,,974,972,,
1260,Corey Davis,WR468,,973.0,,,,,973,,
1261,Collin Johnson,WR469,,975.0,,,893,,1057,,
1262,Jamari Thrash,WR470,CLE,976.0,,,670,844,1414,,
1263,Taylor Heinicke,QB148,,976.0,,,796,,1156,,
1264,Connor Bazelak,QB149,TB,976.0,,,,976,,,
1265,Sam Pinckney,WR471,,976.0,,,,,976,,
1266,Jabari Small,RB292,DET,977.5,,,,724,1231,,
1267,Adrian Martinez,QB150,SF,978.3,,,759,934,1242,,
1268,Max Brosmer,QB151,MIN,979.3,,,743,997,1198,,
1269,Brady Cook,QB152,NYJ,980.3,,,736,979,1226,,
1270,Bernhard Seikovits,TE256,,981.0,,,,,981,,
1271,Allen Robinson,WR472,,981.5,,,859,,1104,,
1272,Dayton Wade,WR473,BAL,982.0,,,,660,1304,,
1273,CJ Donaldson,RB293,NO,982.0,,,,773,1191,,
1274,Randall Cobb,WR474,,982.0,,,,,982,,
1275,DeWayne McBride,RB294,,982.5,,,956,,1009,,
1276,Tarik Black,WR475,,982.5,,,,652,1313,,
1277,Michael Ezeike,TE257,,983.0,,,,,983,,
1278,Robert Woods,WR476,,983.5,,,865,,1102,,
1279,Louis Rees-Zammit,RB295,,986.0,,,986,,,,
1280,Racey McMath,WR477,,987.0,,,,,987,,
1281,Cam Miller,QB153,MIA,987.3,,,713,972,1277,,
1282,Hal Presley,WR478,,989.5,,,,591,1388,,
1283,Dai'Jean Dixon,WR479,,990.0,,,,,990,,
1284,Steven Sims,WR480,,990.5,,,874,,1107,,
1285,Cody Thompson,WR481,,990.5,,,925,,1056,,
1286,Dax Milne,WR482,,991.0,,,,,991,,
1287,Mike Williams,WR483,,992.5,,,845,,1140,,
1288,Jesse Matthews,WR484,,993.0,,,,,993,,
1289,Alex Erickson,WR485,,994.0,,,789,,1199,,
1290,Brayden Narveson,K68,,994.0,,,994,,,,
1291,David Wells,TE258,,994.0,,,,,994,,
1292,Tyrion Davis-Price,RB296,,996.0,,,930,,1062,,
1293,Bryce Ford-Wheaton,WR486,,997.0,,,991,784,1216,,
1294,Parker Romo,K69,,997.0,,,997,,,,
1295,Seth Williams,WR487,,997.0,,,,,997,,
1296,La'Michael Pettway,TE259,,998.0,,,,,998,,
1297,Adam Thielen,WR488,,999.0,,,867,,1131,,
1298,Hassan Haskins,RB297,,1000.0,,,927,922,1151,,
1299,Chris Pierce,TE260,,1000.0,,,,,1000,,
1300,Xazavian Valladay,RB298,,1000.5,,,967,,1034,,
1301,Freddie Swain,WR489,,1000.5,,,,690,1311,,
1302,Jaylen Johnson,WR490,,1001.0,,,1001,,,,
1303,Michael Jacobson,TE261,,1001.0,,,,,1001,,
1304,Baylor Cupp,TE262,,1002.0,,,1002,,,,
1305,Kadarius Toney,WR491,,1002.5,,,907,,1098,,
1306,JP Richardson,WR492,CHI,1002.5,,,,569,1436,,
1307,Clayton Tune,QB154,,1003.0,,,954,990,1065,,
1308,Kole Taylor,TE263,,1003.0,,,,,1003,,
1309,Kristian Wilkerson,WR493,,1004.5,,,904,,1105,,
1310,John Stephens,TE264,,1005.5,,,988,,1023,,
1311,Jermaine Jackson,WR494,,1006.0,,,1006,,,,
1312,Jude McAtamney,K70,,1007.0,,,1007,,,,
1313,Dymere Miller,WR495,,1008.0,,,,,1008,,
1314,Blake Watson,RB299,,1010.3,,,987,757,1287,,
1315,Raheem Mostert,RB300,,1011.3,,,813,854,1367,,
1316,Caden Davis,K71,,1012.0,,,1012,,,,
1317,Zach Gentry,TE265,,1013.0,,,,,1013,,
1318,Mike Harley,WR496,,1014.0,,,,,1014,,
1319,Erik Krommenhoek,TE266,,1015.0,,,,,1015,,
1320,Philip Rivers,QB155,,1016.0,,,1016,,,,
1321,Stanley Morgan,WR497,,1016.0,,,,,1016,,
1322,Jordan Matthews,TE267,,1018.0,,,814,,1222,,
1323,Luke Grimm,WR498,LAC,1018.0,,,,666,1370,,
1324,Andre Roberts,WR499,,1019.0,,,,,1019,,
1325,Stevo Klotz,TE268,,1021.0,,,,,1021,,
1326,Anthony Brown,QB156,,1022.5,,,942,,1103,,
1327,TJ Harden,RB301,,1024.5,,,,752,1297,,
1328,Sam Hartman,QB157,WAS,1026.5,,,,932,1121,,
1329,Jacolby George,WR500,,1027.0,,,,,1027,,
1330,Isaiah Wooden,WR501,,1030.5,,,,664,1397,,
1331,Parker Hesse,TE269,,1032.0,,,919,,1145,,
1332,Jaren Hall,QB158,,1034.5,,,953,,1116,,
1333,Jermar Jefferson,RB302,,1036.7,,,911,760,1439,,
1334,Daewood Davis,WR502,,1038.0,,,,,1038,,
1335,Sage Surratt,TE270,,1039.0,,,,,1039,,
1336,Ray-Ray McCloud,WR503,,1040.5,,,783,,1298,,
1337,Roc Taylor,WR504,,1042.0,,,,,1042,,
1338,J. Michael Sturdivant,WR505,,1043.5,,,,641,1446,,
1339,Anthony Miller,WR506,,1044.5,,,1003,,1086,,
1340,Dontrell Hilliard,RB303,,1046.0,,,,,1046,,
1341,Keilahn Harris,WR507,,1047.0,,,,,1047,,
1342,Will Grier,QB159,,1047.5,,,,958,1137,,
1343,Blake Jarwin,TE271,,1048.0,,,,,1048,,
1344,Xavier Grimble,TE272,,1049.0,,,,,1049,,
1345,Montrell Washington,WR508,,1049.5,,,936,,1163,,
1346,Kelvin Harmon,WR509,,1051.0,,,,,1051,,
1347,Austin Allen,TE273,,1052.0,,,,,1052,,
1348,Mark Gronowski,QB160,,1052.5,,,,945,1160,,
1349,Brett Rypien,QB161,,1053.3,,,809,931,1420,,
1350,Johnny Johnson,WR510,,1058.0,,,,,1058,,
1351,Michael Thomas,WR511,,1059.0,,,,,1059,,
1352,Dee Eskridge,WR512,,1060.0,,,909,888,1383,,
1353,Josh Ali,WR513,,1060.0,,,,,1060,,
1354,Troy Fumagalli,TE274,,1063.0,,,,,1063,,
1355,Kyle Trask,QB162,,1064.5,,,910,,1219,,
1356,Deon Cain,WR514,,1067.0,,,,,1067,,
1357,Zach Evans,RB304,,1068.0,,,944,,1192,,
1358,Khalan Laborn,RB305,,1068.0,,,,,1068,,
1359,Hayden Hurst,TE275,,1069.0,,,820,,1318,,
1360,Alfonzo Graham,RB306,,1069.0,,,,,1069,,
1361,MyCole Pruitt,TE276,,1069.5,,,794,,1345,,
1362,Tony Jones,RB307,,1070.0,,,902,,1238,,
1363,Lynn Bowden,WR515,,1075.0,,,,,1075,,
1364,Eric Ebron,TE277,PIT,1076.0,,,,,1076,,
1365,Ramel Keyton,WR516,,1076.5,,,992,,1161,,
1366,Jake Haener,QB163,,1077.7,,,950,987,1296,,
1367,N'Keal Harry,WR517,,1078.0,,,,,1078,,
1368,Marquez Callaway,WR518,,1078.5,,,896,,1261,,
1369,Ahmani Marshall,RB308,CLE,1079.0,,,,772,1386,,
1370,Griffin Hebert,TE278,,1079.0,,,,,1079,,
1371,Tony Brown,WR519,,1080.0,,,903,,1257,,
1372,Jakob Johnson,RB309,,1080.5,,,878,,1283,,
1373,Slade Bolden,WR520,,1081.0,,,,,1081,,
1374,John Samuel Shenker,TE279,,1081.5,,,1004,,1159,,
1375,Brian Hill,RB310,,1082.0,,,,,1082,,
1376,Chase Claypool,WR521,,1084.0,,,,,1084,,
1377,Dez Fitzpatrick,WR522,,1085.0,,,912,,1258,,
1378,Tim Boyle,QB164,,1087.5,,,812,,1363,,
1379,Aaron Shampklin,RB311,,1088.5,,,996,,1181,,
1380,C.J. Beathard,QB165,,1090.0,,,,,1090,,
1381,Grant DuBose,WR523,,1090.5,,,947,,1234,,
1382,Sawyer Robertson,QB166,,1090.5,,,,969,1212,,
1383,Izaiah Gathings,TE280,,1094.0,,,,,1094,,
1384,Christian Wade,RB312,,1095.0,,,,,1095,,
1385,Laviska Shenault,WR524,,1100.0,,,890,,1310,,
1386,Keith Smith,RB313,,1101.0,,,,,1101,,
1387,Alex Bachman,WR525,,1105.7,,,998,910,1409,,
1388,Jamison Crowder,WR526,,1106.5,,,855,,1358,,
1389,D.J. Williams,RB314,,1106.5,,,999,,1214,,
1390,Craig Reynolds,RB315,,1108.0,,,880,,1336,,
1391,Austin Watkins,WR527,,1108.0,,,,,1108,,
1392,Zack Moss,RB316,,1108.5,,,886,,1331,,
1393,Darrynton Evans,RB317,,1109.5,,,887,,1332,,
1394,Shi Smith,WR528,,1110.0,,,,,1110,,
1395,Cam Akers,RB318,,1111.5,,,884,,1339,,
1396,Ty Montgomery,RB319,,1112.0,,,,,1112,,
1397,Nathan Rourke,QB167,,1114.0,,,975,,1253,,
1398,Darrel Williams,RB320,,1114.0,,,,,1114,,
1399,Dresser Winn,QB168,,1117.0,,,,,1117,,
1400,Tyler Kroft,TE281,,1118.0,,,,,1118,,
1401,Mike Boone,RB321,,1118.5,,,835,,1402,,
1402,Diego Pavia,QB169,,1121.0,,,,968,1274,,
1403,Kevin Rader,TE282,,1122.0,,,,,1122,,
1404,Jaydon Mickens,WR529,,1125.0,,,,,1125,,
1405,Jonathan Ward,RB322,,1126.0,,,901,,1351,,
1406,Jody Fortson,TE283,,1126.0,,,917,,1335,,
1407,Matt Bushman,TE284,,1129.0,,,,,1129,,
1408,Trent Pennix,TE285,,1132.0,,,,,1132,,
1409,Larry Rountree,RB323,,1134.0,,,,,1134,,
1410,Jake Luton,QB170,,1136.0,,,,,1136,,
1411,Tyreik McAllister,RB324,,1137.0,,,993,,1281,,
1412,Khari Blasingame,RB325,,1137.5,,,877,,1398,,
1413,Trinity Benson,WR530,,1138.0,,,,,1138,,
1414,C.J. Saunders,WR531,,1139.0,,,,,1139,,
1415,Trey Quinn,WR532,,1142.0,,,,,1142,,
1416,Marcell Ateman,WR533,,1144.0,,,,,1144,,
1417,Latavius Murray,RB326,,1148.0,,,,,1148,,
1418,Aidan Robbins,RB327,,1149.0,,,,,1149,,
1419,Javon Baker,WR534,,1151.0,,,981,,1321,,
1420,Tre' McKitty,TE286,,1153.0,,,,,1153,,
1421,Stephen Sullivan,TE287,,1153.5,,,895,,1412,,
1422,Carter Bradley,QB171,JAX,1159.5,,,,944,1375,,
1423,Dominique Dafney,TE288,,1162.0,,,,,1162,,
1424,Kevin White,WR535,,1164.0,,,,,1164,,
1425,Alex Armah,RB328,,1165.0,,,,,1165,,
1426,Kahale Warring,TE289,,1166.0,,,,,1166,,
1427,Brandon Bolden,RB329,,1167.0,,,,,1167,,
1428,Gavin Hardison,QB172,,1168.0,,,,,1168,,
1429,Josh Doctson,WR536,,1170.0,,,,,1170,,
1430,Jesse James,TE290,,1171.0,,,,,1171,,
1431,Miles Boykin,WR537,,1173.0,,,,,1173,,
1432,Logan Woodside,QB173,,1174.0,,,,,1174,,
1433,Tanner Mordecai,QB174,,1175.0,,,,,1175,,
1434,Michael Pratt,QB175,,1177.0,,,985,,1369,,
1435,Isaiah Spiller,RB330,,1177.0,,,,,1177,,
1436,Kwamie Lassiter,WR538,,1178.0,,,,,1178,,
1437,Jase McClellan,RB331,,1179.0,,,980,,1378,,
1438,Cole Beasley,WR539,,1182.0,,,,,1182,,
1439,Blaine Gabbert,QB176,,1183.0,,,,,1183,,
1440,Miller Forristall,TE291,,1184.0,,,,,1184,,
1441,Frank Darby,WR540,,1186.0,,,,,1186,,
1442,Johnny Lumpkin,TE292,,1189.0,,,,,1189,,
1443,Terique Owens,WR541,,1193.0,,,,,1193,,
1444,Jacob Harris,WR542,,1202.0,,,,,1202,,
1445,Isaiah Winstead,WR543,,1206.0,,,,,1206,,
1446,Kalen Ballage,RB332,,1207.0,,,,,1207,,
1447,Quali Conley,RB333,,1208.0,,,,,1208,,
1448,Jake Kumerow,WR544,,1211.0,,,,,1211,,
1449,Tommy Mellott,QB177,,1214.0,,,1010,,1418,,
1450,Dallin Holker,TE293,,1216.0,,,989,,1443,,
1451,Ryan Jones,TE294,,1217.0,,,,,1217,,
1452,Brevin Easton,WR545,,1220.0,,,,,1220,,
1453,Silas Bolden,WR546,,1224.0,,,,,1224,,
1454,Derek Wright,WR547,,1229.0,,,,,1229,,
1455,Cade Johnson,WR548,,1230.0,,,,,1230,,
1456,Sam Wiglusz,WR549,,1233.0,,,,,1233,,
1457,Malik Flowers,WR550,,1236.0,,,,,1236,,
1458,Nate Noel,RB334,,1237.0,,,,,1237,,
1459,La'Mical Perine,RB335,,1239.0,,,,,1239,,
1460,Isaiah Ford,WR551,,1246.0,,,,,1246,,
1461,Dalton Keene,TE295,,1249.0,,,,,1249,,
1462,Tommy Hudson,TE296,,1250.0,,,,,1250,,
1463,Jack Doyle,TE297,IND,1255.0,,,,,1255,,
1464,Nick Bowers,TE298,,1256.0,,,,,1256,,
1465,Julio Jones,WR552,,1262.0,,,,,1262,,
1466,Tanner Taula,TE299,,1264.0,,,,,1264,,
1467,Isaiah Washington,WR553,,1266.0,,,,,1266,,
1468,Damien Williams,RB336,,1267.0,,,,,1267,,
1469,Hayden Hatten,WR554,,1268.0,,,,,1268,,
1470,Jordan Wilkins,RB337,,1269.0,,,,,1269,,
1471,Mason Fairchild,TE300,,1270.0,,,,,1270,,
1472,Darrell Daniels,TE301,,1271.0,,,,,1271,,
1473,Ethan Garbers,QB178,,1272.0,,,,,1272,,
1474,Malcolm Perry,WR555,,1275.0,,,,,1275,,
1475,Jalen Guyton,WR556,,1278.0,,,,,1278,,
1476,E.J. Perry,QB179,,1279.0,,,,,1279,,
1477,Jack Colletto,RB338,,1280.0,,,,,1280,,
1478,Dorian Singer,WR557,,1284.0,,,,,1284,,
1479,DeVante Parker,WR558,,1285.0,,,,,1285,,
1480,Donovan Peoples-Jones,WR559,,1286.0,,,,,1286,,
1481,Elijah Collins,RB339,,1289.0,,,,,1289,,
1482,Robert Burns,RB340,CHI,1290.0,,,,,1290,,
1483,Matt Sokol,TE302,,1291.0,,,,,1291,,
1484,Godwin Igwebuike,RB341,,1292.0,,,,,1292,,
1485,Ethan Fernea,WR560,,1293.0,,,,,1293,,
1486,Pharoh Cooper,WR561,,1294.0,,,,,1294,,
1487,Matthew Slater,WR562,,1299.0,,,,,1299,,
1488,Eno Benjamin,RB342,,1300.0,,,,,1300,,
1489,Cody Latimer,WR563,,1301.0,,,,,1301,,
1490,Trestan Ebner,RB343,,1303.0,,,,,1303,,
1491,Braylon Sanders,WR564,,1306.0,,,,,1306,,
1492,Jacob Warren,TE303,,1307.0,,,,,1307,,
1493,Jaden Shirden,RB344,,1308.0,,,,,1308,,
1494,Luke Stocker,TE304,,1309.0,,,,,1309,,
1495,Sammy Watkins,WR565,,1314.0,,,,,1314,,
1496,Leonard Fournette,RB345,,1315.0,,,,,1315,,
1497,Jake Fromm,QB180,,1316.0,,,,,1316,,
1498,Daurice Fountain,WR566,,1319.0,,,,,1319,,
1499,Rodney Adams,WR567,,1320.0,,,,,1320,,
1500,Kyle Philips,WR568,,1322.0,,,,,1322,,
1501,Logan Thomas,TE305,,1325.0,,,,,1325,,
1502,Byron Pringle,WR569,,1326.0,,,,,1326,,
1503,Jalen Camp,WR570,,1328.0,,,,,1328,,
1504,Andy Isabella,WR571,,1330.0,,,,,1330,,
1505,David Durden,WR572,,1333.0,,,,,1333,,
1506,Marcus Rosemy-Jacksaint,WR573,,1341.0,,,,,1341,,
1507,Sean Ryan,WR574,,1343.0,,,,,1343,,
1508,Ra'Shaun Henry,WR575,,1344.0,,,,,1344,,
1509,Frank Gore,RB346,,1346.0,,,,,1346,,
1510,Rashod Owens,WR576,,1348.0,,,,,1348,,
1511,Duke Johnson,RB347,,1349.0,,,,,1349,,
1512,Cole Payton,QB181,,1350.0,,,,,1350,,
1513,Drake Stoops,WR577,,1353.0,,,,,1353,,
1514,Ty'Son Williams,RB348,,1354.0,,,,,1354,,
1515,Willie Snead,WR578,,1356.0,,,,,1356,,
1516,Devin Asiasi,TE306,,1359.0,,,,,1359,,
1517,Ricky Person,RB349,,1360.0,,,,,1360,,
1518,Malik Knowles,WR579,,1361.0,,,,,1361,,
1519,Pooka Williams,RB350,,1365.0,,,,,1365,,
1520,Kazmeir Allen,WR580,,1366.0,,,,,1366,,
1521,Chris Herndon,TE307,,1368.0,,,,,1368,,
1522,Amari Rodgers,WR581,,1373.0,,,,,1373,,
1523,Tulu Griffin,WR582,,1376.0,,,,,1376,,
1524,Jarvis Landry,WR583,,1377.0,,,,,1377,,
1525,Jacob Copeland,WR584,,1379.0,,,,,1379,,
1526,Keith Kirkwood,WR585,,1380.0,,,,,1380,,
1527,Jamoi Mayes,WR586,,1381.0,,,,,1381,,
1528,Charleston Rambo,WR587,,1382.0,,,,,1382,,
1529,Dontay Demus,WR588,,1384.0,,,,,1384,,
1530,Emory Jones,QB182,,1385.0,,,,,1385,,
1531,Brycen Hopkins,TE308,,1387.0,,,,,1387,,
1532,Jalen White,RB351,,1389.0,,,,,1389,,
1533,Malik Taylor,WR589,,1391.0,,,,,1391,,
1534,Damien Harris,RB352,,1392.0,,,,,1392,,
1535,Tre'Shaun Harrison,WR590,,1394.0,,,,,1394,,
1536,Jalen Wayne,WR591,,1399.0,,,,,1399,,
1537,Cornell Powell,WR592,,1400.0,,,,,1400,,
1538,Jaray Jenkins,WR593,,1404.0,,,,,1404,,
1539,Monaray Baldwin,WR594,,1405.0,,,,,1405,,
1540,Rashaad Penny,RB353,,1406.0,,,,,1406,,
1541,Curtis Hodges,TE309,,1408.0,,,,,1408,,
1542,Josh Pederson,TE310,,1410.0,,,,,1410,,
1543,Tre'Quan Smith,WR595,,1416.0,,,,,1416,,
1544,Austin Reed,QB183,,1417.0,,,,,1417,,
1545,Tyler Kahmann,WR596,,1425.0,,,,,1425,,
1546,Kirk Merritt,WR597,,1426.0,,,,,1426,,
1547,Noah Togiai,TE311,,1428.0,,,,,1428,,
1548,Dwayne Washington,RB354,,1430.0,,,,,1430,,
1549,Mathew Sexton,WR598,,1431.0,,,,,1431,,
1550,Marvin Hall,WR599,,1432.0,,,,,1432,,
1551,Landon Parker,WR600,,1433.0,,,,,1433,,
1552,Anthony Schwartz,WR601,,1434.0,,,,,1434,,
1553,Robert Lewis,WR602,,1437.0,,,,,1437,,
1554,Adam Shaheen,TE312,,1441.0,,,,,1441,,
1555,Trey Knox,TE313,,1442.0,,,,,1442,,
1556,Deontay Burnett,WR603,,1444.0,,,,,1444,,
1557,Chris Myarick,TE314,,1447.0,,,,,1447,,
1558,Nick Boyle,TE315,,1448.0,,,,,1448,,
